row,source,family,style,name,bpm,signature,sourceType,memoryCount,uniqueMemoryCount,fingerprint,exactDuplicatesAll,exactDuplicatesSource,action,origin,attribution
1,Basic Grooves,Rock / Pop,Rock,Billie Jean – Michael Jackson,117,4/4,curated,1,1,4303355468c7,2,2,ICONIC_CANDIDATE_TRANSCRIBE_VALIDATE,Rock / Pop/Billie Jean – Michael Jackson,Source IA — adaptation pédagogique
2,Basic Grooves,Rock / Pop,Rock,Back In Black – AC/DC,94,4/4,curated,1,1,c3348a405622,1,1,ICONIC_CANDIDATE_TRANSCRIBE_VALIDATE,Rock / Pop/Back In Black – AC/DC,Source IA — adaptation pédagogique
3,Basic Grooves,Rock / Pop,Rock,When The Levee Breaks – Led Zeppelin,72,4/4,curated,1,1,7399455cfd4d,3,3,ICONIC_CANDIDATE_TRANSCRIBE_VALIDATE,Rock / Pop/When The Levee Breaks – Led Zeppelin,Source IA — adaptation pédagogique
4,Basic Grooves,Rock / Pop,Rock,Come Together – The Beatles,84,4/4,curated,1,1,5569a29ffdbe,1,1,ICONIC_CANDIDATE_TRANSCRIBE_VALIDATE,Rock / Pop/Come Together – The Beatles,Source IA — adaptation pédagogique
5,Basic Grooves,Rock / Pop,Rock,Sunday Bloody Sunday – U2,103,4/4,curated,1,1,e9e7e907779c,3,3,ICONIC_CANDIDATE_TRANSCRIBE_VALIDATE,Rock / Pop/Sunday Bloody Sunday – U2,Source IA — adaptation pédagogique
6,Basic Grooves,Rock / Pop,Rock,Smells Like Teen Spirit – Nirvana,117,4/4,curated,1,1,4303355468c7,2,2,SOURCE_ONLY_AI_ADAPTATION_VALIDATE,Rock / Pop/Smells Like Teen Spirit – Nirvana,Source IA — adaptation pédagogique
7,Basic Grooves,Rock / Pop,Rock,We Will Rock You – Queen,81,4/4,curated,1,1,dfc9ca10e8df,1,1,SOURCE_ONLY_AI_ADAPTATION_VALIDATE,Rock / Pop/We Will Rock You – Queen,Source IA — adaptation pédagogique
8,Basic Grooves,Rock / Pop,Rock,Walk This Way – Aerosmith,108,4/4,curated,1,1,7399455cfd4d,3,3,SOURCE_ONLY_AI_ADAPTATION_VALIDATE,Rock / Pop/Walk This Way – Aerosmith,Source IA — adaptation pédagogique
9,Basic Grooves,Rock / Pop,Rock,Dreams – Fleetwood Mac,120,4/4,curated,1,1,d1a3a9476481,1,1,SOURCE_ONLY_AI_ADAPTATION_VALIDATE,Rock / Pop/Dreams – Fleetwood Mac,Source IA — adaptation pédagogique
10,Basic Grooves,Rock / Pop,Rock,Rosanna – Toto,82,4/4,curated,1,1,e9e7e907779c,3,3,ICONIC_CANDIDATE_TRANSCRIBE_VALIDATE,Rock / Pop/Rosanna – Toto,Source IA — adaptation pédagogique
11,Basic Grooves,Rock / Pop,Rock,In The Air Tonight – Phil Collins,95,4/4,curated,1,1,57a473464793,2,2,ICONIC_CANDIDATE_TRANSCRIBE_VALIDATE,Rock / Pop/In The Air Tonight – Phil Collins,Source IA — adaptation pédagogique
12,Basic Grooves,Rock / Pop,Rock,Every Breath You Take – The Police,117,4/4,curated,1,1,8f213d23d9d1,2,2,SOURCE_ONLY_AI_ADAPTATION_VALIDATE,Rock / Pop/Every Breath You Take – The Police,Source IA — adaptation pédagogique
13,Basic Grooves,Rock / Pop,Rock,Locked Out Of Heaven – Bruno Mars,144,4/4,curated,1,1,7e59cf15f2cd,1,1,SOURCE_ONLY_AI_ADAPTATION_VALIDATE,Rock / Pop/Locked Out Of Heaven – Bruno Mars,Source IA — adaptation pédagogique
14,Basic Grooves,Rock / Pop,Rock,Seven Nation Army – The White Stripes,124,4/4,curated,1,1,54c16f7cc4e8,1,1,SOURCE_ONLY_AI_ADAPTATION_VALIDATE,Rock / Pop/Seven Nation Army – The White Stripes,Source IA — adaptation pédagogique
15,Basic Grooves,Rock / Pop,Rock,Supermassive Black Hole – Muse,120,4/4,curated,1,1,a609ac3885e2,1,1,SOURCE_ONLY_AI_ADAPTATION_VALIDATE,Rock / Pop/Supermassive Black Hole – Muse,Source IA — adaptation pédagogique
16,Basic Grooves,Rock / Pop,Rock,Money – Pink Floyd,124,7/4,curated,1,1,a3d775649e0a,1,1,ICONIC_CANDIDATE_TRANSCRIBE_VALIDATE,Rock / Pop/Money – Pink Floyd,Source IA — adaptation pédagogique
17,Basic Grooves,Rock / Pop,Rock,Solsbury Hill – Peter Gabriel,102,7/4,curated,1,1,80e32c3fcc9f,1,1,SOURCE_ONLY_AI_ADAPTATION_VALIDATE,Rock / Pop/Solsbury Hill – Peter Gabriel,Source IA — adaptation pédagogique
18,Basic Grooves,Rock / Pop,Rock,Tom Sawyer (7/8 section) – Rush,88,7/8,curated,1,1,3e9d0b74c96d,1,1,ICONIC_CANDIDATE_TRANSCRIBE_VALIDATE,Rock / Pop/Tom Sawyer (7/8 section) – Rush,Source IA — adaptation pédagogique
19,Basic Grooves,Rock / Pop,Rock,Use Somebody – Kings Of Leon,138,4/4,curated,1,1,06de8178b86a,1,1,SOURCE_ONLY_AI_ADAPTATION_VALIDATE,Rock / Pop/Use Somebody – Kings Of Leon,Source IA — adaptation pédagogique
20,Basic Grooves,Rock / Pop,Rock,Take Me Out – Franz Ferdinand,104,4/4,curated,1,1,f7fa9aef92e8,1,1,SOURCE_ONLY_AI_ADAPTATION_VALIDATE,Rock / Pop/Take Me Out – Franz Ferdinand,Source IA — adaptation pédagogique
21,Basic Grooves,Rock / Pop,Rock,Baba O’Riley – The Who,117,4/4,curated,1,1,57a473464793,2,2,SOURCE_ONLY_AI_ADAPTATION_VALIDATE,Rock / Pop/Baba O’Riley – The Who,Source IA — adaptation pédagogique
22,Basic Grooves,Rock / Pop,Rock,Rebel Rebel – David Bowie,126,4/4,curated,1,1,8f213d23d9d1,2,2,SOURCE_ONLY_AI_ADAPTATION_VALIDATE,Rock / Pop/Rebel Rebel – David Bowie,Source IA — adaptation pédagogique
23,Basic Grooves,Rock / Pop,Rock,Sledgehammer – Peter Gabriel,96,4/4,curated,1,1,7399455cfd4d,3,3,SOURCE_ONLY_AI_ADAPTATION_VALIDATE,Rock / Pop/Sledgehammer – Peter Gabriel,Source IA — adaptation pédagogique
24,Basic Grooves,Rock / Pop,Rock,Everybody Wants To Rule The World – Tears for Fears,112,12/8,curated,1,1,61848122c4b4,1,1,SOURCE_ONLY_AI_ADAPTATION_VALIDATE,Rock / Pop/Everybody Wants To Rule The World – Tears for Fears,Source IA — adaptation pédagogique
25,Basic Grooves,Rock / Pop,Rock,Message in a Bottle – The Police,151,4/4,curated,1,1,e9e7e907779c,3,3,SOURCE_ONLY_AI_ADAPTATION_VALIDATE,Rock / Pop/Message in a Bottle – The Police,Source IA — adaptation pédagogique
26,Basic Grooves,Funk / Soul,Funk,Funky Drummer – James Brown,100,4/4,curated,1,1,2bf30b693cdc,2,2,ICONIC_CANDIDATE_TRANSCRIBE_VALIDATE,Funk / Soul/Funky Drummer – James Brown,Source IA — adaptation pédagogique
27,Basic Grooves,Funk / Soul,Funk,Cissy Strut – The Meters,90,4/4,curated,1,1,505f2835c51f,2,2,ICONIC_CANDIDATE_TRANSCRIBE_VALIDATE,Funk / Soul/Cissy Strut – The Meters,Source IA — adaptation pédagogique
28,Basic Grooves,Funk / Soul,Funk,Superstition – Stevie Wonder,100,4/4,curated,1,1,87e785c9e4ee,2,2,ICONIC_CANDIDATE_TRANSCRIBE_VALIDATE,Funk / Soul/Superstition – Stevie Wonder,Source IA — adaptation pédagogique
29,Basic Grooves,Funk / Soul,Funk,Cold Sweat – James Brown,112,4/4,curated,1,1,505f2835c51f,2,2,ICONIC_CANDIDATE_TRANSCRIBE_VALIDATE,Funk / Soul/Cold Sweat – James Brown,Source IA — adaptation pédagogique
30,Basic Grooves,Funk / Soul,Funk,Use Me – Bill Withers,78,4/4,curated,1,1,87e785c9e4ee,2,2,SOURCE_ONLY_AI_ADAPTATION_VALIDATE,Funk / Soul/Use Me – Bill Withers,Source IA — adaptation pédagogique
31,Basic Grooves,Funk / Soul,Funk,Chameleon – Herbie Hancock,112,4/4,curated,1,1,52291d02f10c,1,1,SOURCE_ONLY_AI_ADAPTATION_VALIDATE,Funk / Soul/Chameleon – Herbie Hancock,Source IA — adaptation pédagogique
32,Basic Grooves,Funk / Soul,Funk,Pick Up The Pieces – Average White Band,108,4/4,curated,1,1,2e47bcea37bf,2,2,SOURCE_ONLY_AI_ADAPTATION_VALIDATE,Funk / Soul/Pick Up The Pieces – Average White Band,Source IA — adaptation pédagogique
33,Basic Grooves,Funk / Soul,Funk,The Chicken – Jaco Pastorius,104,4/4,curated,1,1,1374132c6ffa,2,2,SOURCE_ONLY_AI_ADAPTATION_VALIDATE,Funk / Soul/The Chicken – Jaco Pastorius,Source IA — adaptation pédagogique
34,Basic Grooves,Funk / Soul,Funk,Get Up (I Feel Like Being A) Sex Machine – James Brown,108,4/4,curated,1,1,3c86269534b4,2,2,SOURCE_ONLY_AI_ADAPTATION_VALIDATE,Funk / Soul/Get Up (I Feel Like Being A) Sex Machine – James Brown,Source IA — adaptation pédagogique
35,Basic Grooves,Funk / Soul,Funk,Just Kissed My Baby – The Meters,96,4/4,curated,1,1,3d9ab63d5f99,2,2,SOURCE_ONLY_AI_ADAPTATION_VALIDATE,Funk / Soul/Just Kissed My Baby – The Meters,Source IA — adaptation pédagogique
36,Basic Grooves,Funk / Soul,Funk,I Got The Feelin' – James Brown,112,4/4,curated,1,1,4def37710709,1,1,SOURCE_ONLY_AI_ADAPTATION_VALIDATE,Funk / Soul/I Got The Feelin' – James Brown,Source IA — adaptation pédagogique
37,Basic Grooves,Funk / Soul,Funk,Soul Man – Sam & Dave,112,4/4,curated,1,1,408374df7bbc,1,1,SOURCE_ONLY_AI_ADAPTATION_VALIDATE,Funk / Soul/Soul Man – Sam & Dave,Source IA — adaptation pédagogique
38,Basic Grooves,Funk / Soul,Funk,I Heard It Through The Grapevine – Marvin Gaye,117,4/4,curated,1,1,d46c219512fe,1,1,SOURCE_ONLY_AI_ADAPTATION_VALIDATE,Funk / Soul/I Heard It Through The Grapevine – Marvin Gaye,Source IA — adaptation pédagogique
39,Basic Grooves,Funk / Soul,Funk,Let's Stay Together – Al Green,102,4/4,curated,1,1,5aaf23d06cff,2,2,SOURCE_ONLY_AI_ADAPTATION_VALIDATE,Funk / Soul/Let's Stay Together – Al Green,Source IA — adaptation pédagogique
40,Basic Grooves,Funk / Soul,Funk,Ain't Too Proud To Beg – The Temptations,118,4/4,curated,1,1,42b30a4a0ef8,1,1,SOURCE_ONLY_AI_ADAPTATION_VALIDATE,Funk / Soul/Ain't Too Proud To Beg – The Temptations,Source IA — adaptation pédagogique
41,Basic Grooves,Funk / Soul,Funk,Papa Was A Rollin' Stone – The Temptations,122,4/4,curated,1,1,fbb9a544200d,1,1,SOURCE_ONLY_AI_ADAPTATION_VALIDATE,Funk / Soul/Papa Was A Rollin' Stone – The Temptations,Source IA — adaptation pédagogique
42,Basic Grooves,Funk / Soul,Funk,Brick House – Commodores,108,4/4,curated,1,1,2e47bcea37bf,2,2,SOURCE_ONLY_AI_ADAPTATION_VALIDATE,Funk / Soul/Brick House – Commodores,Source IA — adaptation pédagogique
43,Basic Grooves,Funk / Soul,Funk,Le Freak – Chic,119,4/4,curated,1,1,2bf30b693cdc,2,2,SOURCE_ONLY_AI_ADAPTATION_VALIDATE,Funk / Soul/Le Freak – Chic,Source IA — adaptation pédagogique
44,Basic Grooves,Funk / Soul,Funk,Good Times – Chic,111,4/4,curated,1,1,e9ca47677904,1,1,SOURCE_ONLY_AI_ADAPTATION_VALIDATE,Funk / Soul/Good Times – Chic,Source IA — adaptation pédagogique
45,Basic Grooves,Funk / Soul,Funk,Kiss – Prince,112,4/4,curated,1,1,384348561eb9,1,1,SOURCE_ONLY_AI_ADAPTATION_VALIDATE,Funk / Soul/Kiss – Prince,Source IA — adaptation pédagogique
46,Basic Grooves,Funk / Soul,Funk,Kissing My Love – Bill Withers,103,4/4,curated,1,1,1374132c6ffa,2,2,SOURCE_ONLY_AI_ADAPTATION_VALIDATE,Funk / Soul/Kissing My Love – Bill Withers,Source IA — adaptation pédagogique
47,Basic Grooves,Funk / Soul,Funk,Rock Steady – Aretha Franklin,104,4/4,curated,1,1,3c86269534b4,2,2,SOURCE_ONLY_AI_ADAPTATION_VALIDATE,Funk / Soul/Rock Steady – Aretha Franklin,Source IA — adaptation pédagogique
48,Basic Grooves,Funk / Soul,Funk,What Is Hip? – Tower of Power,106,4/4,curated,1,1,1bd0d29d9eda,1,1,SOURCE_ONLY_AI_ADAPTATION_VALIDATE,Funk / Soul/What Is Hip? – Tower of Power,Source IA — adaptation pédagogique
49,Basic Grooves,Funk / Soul,Funk,I Want You Back – The Jackson 5,98,4/4,curated,1,1,5aaf23d06cff,2,2,SOURCE_ONLY_AI_ADAPTATION_VALIDATE,Funk / Soul/I Want You Back – The Jackson 5,Source IA — adaptation pédagogique
50,Basic Grooves,Funk / Soul,Funk,Outstanding – The Gap Band,100,4/4,curated,1,1,3d9ab63d5f99,2,2,SOURCE_ONLY_AI_ADAPTATION_VALIDATE,Funk / Soul/Outstanding – The Gap Band,Source IA — adaptation pédagogique
51,Basic Grooves,Blues / Shuffle,Shuffle,Pride And Joy – Stevie Ray Vaughan,126,4/4,curated,1,1,bfa09b9717e1,17,17,ICONIC_CANDIDATE_TRANSCRIBE_VALIDATE,Blues / Shuffle/Pride And Joy – Stevie Ray Vaughan,Source IA — adaptation pédagogique
52,Basic Grooves,Blues / Shuffle,Shuffle,Texas Flood – Stevie Ray Vaughan,62,12/8,curated,1,1,763547597d73,7,7,SOURCE_ONLY_AI_ADAPTATION_VALIDATE,Blues / Shuffle/Texas Flood – Stevie Ray Vaughan,Source IA — adaptation pédagogique
53,Basic Grooves,Blues / Shuffle,Shuffle,Cold Shot – Stevie Ray Vaughan,110,4/4,curated,1,1,5f559340a302,1,1,SOURCE_ONLY_AI_ADAPTATION_VALIDATE,Blues / Shuffle/Cold Shot – Stevie Ray Vaughan,Source IA — adaptation pédagogique
54,Basic Grooves,Blues / Shuffle,Shuffle,Sweet Home Chicago – Blues Brothers,116,4/4,curated,1,1,bfa09b9717e1,17,17,SOURCE_ONLY_AI_ADAPTATION_VALIDATE,Blues / Shuffle/Sweet Home Chicago – Blues Brothers,Source IA — adaptation pédagogique
55,Basic Grooves,Blues / Shuffle,Shuffle,Stormy Monday – T-Bone Walker,66,12/8,curated,1,1,763547597d73,7,7,SOURCE_ONLY_AI_ADAPTATION_VALIDATE,Blues / Shuffle/Stormy Monday – T-Bone Walker,Source IA — adaptation pédagogique
56,Basic Grooves,Blues / Shuffle,Shuffle,Before You Accuse Me – Eric Clapton,112,4/4,curated,1,1,bfa09b9717e1,17,17,SOURCE_ONLY_AI_ADAPTATION_VALIDATE,Blues / Shuffle/Before You Accuse Me – Eric Clapton,Source IA — adaptation pédagogique
57,Basic Grooves,Blues / Shuffle,Shuffle,Tush – ZZ Top,145,4/4,curated,1,1,bfa09b9717e1,17,17,SOURCE_ONLY_AI_ADAPTATION_VALIDATE,Blues / Shuffle/Tush – ZZ Top,Source IA — adaptation pédagogique
58,Basic Grooves,Blues / Shuffle,Shuffle,La Grange – ZZ Top,82,4/4,curated,1,1,bfa09b9717e1,17,17,SOURCE_ONLY_AI_ADAPTATION_VALIDATE,Blues / Shuffle/La Grange – ZZ Top,Source IA — adaptation pédagogique
59,Basic Grooves,Blues / Shuffle,Shuffle,Crossroads – Cream,132,4/4,curated,1,1,bfa09b9717e1,17,17,SOURCE_ONLY_AI_ADAPTATION_VALIDATE,Blues / Shuffle/Crossroads – Cream,Source IA — adaptation pédagogique
60,Basic Grooves,Blues / Shuffle,Shuffle,Red House – Jimi Hendrix,70,12/8,curated,1,1,763547597d73,7,7,SOURCE_ONLY_AI_ADAPTATION_VALIDATE,Blues / Shuffle/Red House – Jimi Hendrix,Source IA — adaptation pédagogique
61,Basic Grooves,Blues / Shuffle,Shuffle,Fool In The Rain – Led Zeppelin,92,4/4,curated,1,1,bfa09b9717e1,17,17,ICONIC_CANDIDATE_TRANSCRIBE_VALIDATE,Blues / Shuffle/Fool In The Rain – Led Zeppelin,Source IA — adaptation pédagogique
62,Basic Grooves,Blues / Shuffle,Shuffle,Rosanna – Toto,82,4/4,curated,1,1,bfa09b9717e1,17,17,ICONIC_CANDIDATE_TRANSCRIBE_VALIDATE,Blues / Shuffle/Rosanna – Toto,Source IA — adaptation pédagogique
63,Basic Grooves,Blues / Shuffle,Shuffle,Home At Last – Steely Dan,94,4/4,curated,1,1,bfa09b9717e1,17,17,SOURCE_ONLY_AI_ADAPTATION_VALIDATE,Blues / Shuffle/Home At Last – Steely Dan,Source IA — adaptation pédagogique
64,Basic Grooves,Blues / Shuffle,Shuffle,Babylon Sisters – Steely Dan,74,4/4,curated,1,1,bfa09b9717e1,17,17,SOURCE_ONLY_AI_ADAPTATION_VALIDATE,Blues / Shuffle/Babylon Sisters – Steely Dan,Source IA — adaptation pédagogique
65,Basic Grooves,Blues / Shuffle,Shuffle,The Thrill Is Gone – B.B. King,91,4/4,curated,1,1,bfa09b9717e1,17,17,SOURCE_ONLY_AI_ADAPTATION_VALIDATE,Blues / Shuffle/The Thrill Is Gone – B.B. King,Source IA — adaptation pédagogique
66,Basic Grooves,Blues / Shuffle,Shuffle,Hoochie Coochie Man – Muddy Waters,72,12/8,curated,1,1,763547597d73,7,7,SOURCE_ONLY_AI_ADAPTATION_VALIDATE,Blues / Shuffle/Hoochie Coochie Man – Muddy Waters,Source IA — adaptation pédagogique
67,Basic Grooves,Blues / Shuffle,Shuffle,I'd Rather Go Blind – Etta James,76,12/8,curated,1,1,763547597d73,7,7,SOURCE_ONLY_AI_ADAPTATION_VALIDATE,Blues / Shuffle/I'd Rather Go Blind – Etta James,Source IA — adaptation pédagogique
68,Basic Grooves,Blues / Shuffle,Shuffle,Still Got The Blues – Gary Moore,67,12/8,curated,1,1,763547597d73,7,7,SOURCE_ONLY_AI_ADAPTATION_VALIDATE,Blues / Shuffle/Still Got The Blues – Gary Moore,Source IA — adaptation pédagogique
69,Basic Grooves,Blues / Shuffle,Shuffle,Since I've Been Loving You – Led Zeppelin,64,12/8,curated,1,1,763547597d73,7,7,SOURCE_ONLY_AI_ADAPTATION_VALIDATE,Blues / Shuffle/Since I've Been Loving You – Led Zeppelin,Source IA — adaptation pédagogique
70,Basic Grooves,Blues / Shuffle,Shuffle,Black Velvet – Alannah Myles,92,4/4,curated,1,1,bfa09b9717e1,17,17,SOURCE_ONLY_AI_ADAPTATION_VALIDATE,Blues / Shuffle/Black Velvet – Alannah Myles,Source IA — adaptation pédagogique
71,Basic Grooves,Blues / Shuffle,Shuffle,Pride and Joy (Live Feel) – Stevie Ray Vaughan,128,4/4,curated,1,1,bfa09b9717e1,17,17,ICONIC_CANDIDATE_TRANSCRIBE_VALIDATE,Blues / Shuffle/Pride and Joy (Live Feel) – Stevie Ray Vaughan,Source IA — adaptation pédagogique
72,Basic Grooves,Blues / Shuffle,Shuffle,Roadhouse Blues – The Doors,121,4/4,curated,1,1,bfa09b9717e1,17,17,SOURCE_ONLY_AI_ADAPTATION_VALIDATE,Blues / Shuffle/Roadhouse Blues – The Doors,Source IA — adaptation pédagogique
73,Basic Grooves,Blues / Shuffle,Shuffle,Boom Boom – John Lee Hooker,158,4/4,curated,1,1,bfa09b9717e1,17,17,SOURCE_ONLY_AI_ADAPTATION_VALIDATE,Blues / Shuffle/Boom Boom – John Lee Hooker,Source IA — adaptation pédagogique
74,Basic Grooves,Blues / Shuffle,Shuffle,I’m Tore Down – Freddie King,108,4/4,curated,1,1,bfa09b9717e1,17,17,SOURCE_ONLY_AI_ADAPTATION_VALIDATE,Blues / Shuffle/I’m Tore Down – Freddie King,Source IA — adaptation pédagogique
75,Basic Grooves,Blues / Shuffle,Shuffle,Hide Away – Freddie King,132,4/4,curated,1,1,bfa09b9717e1,17,17,SOURCE_ONLY_AI_ADAPTATION_VALIDATE,Blues / Shuffle/Hide Away – Freddie King,Source IA — adaptation pédagogique
76,Basic Grooves,Jazz,Jazz,Take Five – Dave Brubeck Quartet,174,5/4,curated,1,1,9b7a9da80b4a,1,1,ICONIC_CANDIDATE_TRANSCRIBE_VALIDATE,Jazz/Take Five – Dave Brubeck Quartet,Source IA — adaptation pédagogique
77,Basic Grooves,Jazz,Jazz,So What – Miles Davis,136,4/4,curated,1,1,e0ca654dc818,3,3,SOURCE_ONLY_AI_ADAPTATION_VALIDATE,Jazz/So What – Miles Davis,Source IA — adaptation pédagogique
78,Basic Grooves,Jazz,Jazz,Moanin' – Art Blakey & The Jazz Messengers,126,4/4,curated,1,1,ebd5545d8c51,4,4,SOURCE_ONLY_AI_ADAPTATION_VALIDATE,Jazz/Moanin' – Art Blakey & The Jazz Messengers,Source IA — adaptation pédagogique
79,Basic Grooves,Jazz,Jazz,Freddie Freeloader – Miles Davis,124,4/4,curated,1,1,81b366f5d748,4,4,SOURCE_ONLY_AI_ADAPTATION_VALIDATE,Jazz/Freddie Freeloader – Miles Davis,Source IA — adaptation pédagogique
80,Basic Grooves,Jazz,Jazz,Cantaloupe Island – Herbie Hancock,116,4/4,curated,1,1,78e02f4eece0,4,4,SOURCE_ONLY_AI_ADAPTATION_VALIDATE,Jazz/Cantaloupe Island – Herbie Hancock,Source IA — adaptation pédagogique
81,Basic Grooves,Jazz,Jazz,"Mercy, Mercy, Mercy – Cannonball Adderley",110,4/4,curated,1,1,b89dddca4548,3,3,SOURCE_ONLY_AI_ADAPTATION_VALIDATE,"Jazz/Mercy, Mercy, Mercy – Cannonball Adderley",Source IA — adaptation pédagogique
82,Basic Grooves,Jazz,Jazz,"Sing, Sing, Sing – Benny Goodman",112,4/4,curated,1,1,e0ca654dc818,3,3,SOURCE_ONLY_AI_ADAPTATION_VALIDATE,"Jazz/Sing, Sing, Sing – Benny Goodman",Source IA — adaptation pédagogique
83,Basic Grooves,Jazz,Jazz,My Favorite Things – John Coltrane,132,3/4,curated,1,1,9d751994930c,1,1,SOURCE_ONLY_AI_ADAPTATION_VALIDATE,Jazz/My Favorite Things – John Coltrane,Source IA — adaptation pédagogique
84,Basic Grooves,Jazz,Jazz,All Blues – Miles Davis,120,6/8,curated,1,1,6dd7cb48aad8,1,1,SOURCE_ONLY_AI_ADAPTATION_VALIDATE,Jazz/All Blues – Miles Davis,Source IA — adaptation pédagogique
85,Basic Grooves,Jazz,Jazz,Footprints – Wayne Shorter,108,6/8,curated,1,1,01487d2ba8b7,1,1,SOURCE_ONLY_AI_ADAPTATION_VALIDATE,Jazz/Footprints – Wayne Shorter,Source IA — adaptation pédagogique
86,Basic Grooves,Jazz,Jazz,Blue Rondo à la Turk – Dave Brubeck,126,9/8,curated,1,1,a03ed99c71c7,1,1,SOURCE_ONLY_AI_ADAPTATION_VALIDATE,Jazz/Blue Rondo à la Turk – Dave Brubeck,Source IA — adaptation pédagogique
87,Basic Grooves,Jazz,Jazz,Mission: Impossible Theme – Lalo Schifrin,112,5/4,curated,1,1,49a407b692ca,1,1,SOURCE_ONLY_AI_ADAPTATION_VALIDATE,Jazz/Mission: Impossible Theme – Lalo Schifrin,Source IA — adaptation pédagogique
88,Basic Grooves,Jazz,Jazz,A Night In Tunisia – Dizzy Gillespie,138,4/4,curated,1,1,ebd5545d8c51,4,4,SOURCE_ONLY_AI_ADAPTATION_VALIDATE,Jazz/A Night In Tunisia – Dizzy Gillespie,Source IA — adaptation pédagogique
89,Basic Grooves,Jazz,Jazz,Song For My Father – Horace Silver,124,4/4,curated,1,1,81b366f5d748,4,4,SOURCE_ONLY_AI_ADAPTATION_VALIDATE,Jazz/Song For My Father – Horace Silver,Source IA — adaptation pédagogique
90,Basic Grooves,Jazz,Jazz,The Sidewinder – Lee Morgan,126,4/4,curated,1,1,78e02f4eece0,4,4,SOURCE_ONLY_AI_ADAPTATION_VALIDATE,Jazz/The Sidewinder – Lee Morgan,Source IA — adaptation pédagogique
91,Basic Grooves,Jazz,Jazz,Watermelon Man – Herbie Hancock,116,4/4,curated,1,1,b89dddca4548,3,3,SOURCE_ONLY_AI_ADAPTATION_VALIDATE,Jazz/Watermelon Man – Herbie Hancock,Source IA — adaptation pédagogique
92,Basic Grooves,Jazz,Jazz,St. Thomas – Sonny Rollins,152,4/4,curated,1,1,e0ca654dc818,3,3,SOURCE_ONLY_AI_ADAPTATION_VALIDATE,Jazz/St. Thomas – Sonny Rollins,Source IA — adaptation pédagogique
93,Basic Grooves,Jazz,Jazz,Caravan – Duke Ellington,136,4/4,curated,1,1,ebd5545d8c51,4,4,SOURCE_ONLY_AI_ADAPTATION_VALIDATE,Jazz/Caravan – Duke Ellington,Source IA — adaptation pédagogique
94,Basic Grooves,Jazz,Jazz,Autumn Leaves – Cannonball Adderley,124,4/4,curated,1,1,81b366f5d748,4,4,SOURCE_ONLY_AI_ADAPTATION_VALIDATE,Jazz/Autumn Leaves – Cannonball Adderley,Source IA — adaptation pédagogique
95,Basic Grooves,Jazz,Jazz,Chitlins Con Carne – Kenny Burrell,110,4/4,curated,1,1,78e02f4eece0,4,4,SOURCE_ONLY_AI_ADAPTATION_VALIDATE,Jazz/Chitlins Con Carne – Kenny Burrell,Source IA — adaptation pédagogique
96,Basic Grooves,Jazz,Jazz,Cucumber Slumber – Weather Report,104,4/4,curated,1,1,b89dddca4548,3,3,SOURCE_ONLY_AI_ADAPTATION_VALIDATE,Jazz/Cucumber Slumber – Weather Report,Source IA — adaptation pédagogique
97,Basic Grooves,Jazz,Jazz,Actual Proof – Herbie Hancock,122,4/4,curated,1,1,bb5aa48df1de,1,1,SOURCE_ONLY_AI_ADAPTATION_VALIDATE,Jazz/Actual Proof – Herbie Hancock,Source IA — adaptation pédagogique
98,Basic Grooves,Jazz,Jazz,The Chicken (Live) – Jaco Pastorius,112,4/4,curated,1,1,ebd5545d8c51,4,4,SOURCE_ONLY_AI_ADAPTATION_VALIDATE,Jazz/The Chicken (Live) – Jaco Pastorius,Source IA — adaptation pédagogique
99,Basic Grooves,Jazz,Jazz,Strasbourg / St. Denis – Roy Hargrove,112,4/4,curated,1,1,81b366f5d748,4,4,SOURCE_ONLY_AI_ADAPTATION_VALIDATE,Jazz/Strasbourg / St. Denis – Roy Hargrove,Source IA — adaptation pédagogique
100,Basic Grooves,Jazz,Jazz,Red Clay – Freddie Hubbard,122,4/4,curated,1,1,78e02f4eece0,4,4,SOURCE_ONLY_AI_ADAPTATION_VALIDATE,Jazz/Red Clay – Freddie Hubbard,Source IA — adaptation pédagogique
101,Basic Grooves,Hip-Hop,Hip-Hop,"Amen, Brother – The Winstons",136,4/4,curated,1,1,d1a94f49a012,1,1,ICONIC_CANDIDATE_TRANSCRIBE_VALIDATE,"Hip-Hop/Amen, Brother – The Winstons",Source IA — adaptation pédagogique
102,Basic Grooves,Hip-Hop,Hip-Hop,Impeach The President – The Honey Drippers,96,4/4,curated,1,1,6f819023bbbd,1,1,ICONIC_CANDIDATE_TRANSCRIBE_VALIDATE,Hip-Hop/Impeach The President – The Honey Drippers,Source IA — adaptation pédagogique
103,Basic Grooves,Hip-Hop,Hip-Hop,Apache – Incredible Bongo Band,114,4/4,curated,1,1,5add77cea8c0,1,1,SOURCE_ONLY_AI_ADAPTATION_VALIDATE,Hip-Hop/Apache – Incredible Bongo Band,Source IA — adaptation pédagogique
104,Basic Grooves,Hip-Hop,Hip-Hop,Synthetic Substitution – Melvin Bliss,92,4/4,curated,1,1,dbe3bd97d330,1,1,SOURCE_ONLY_AI_ADAPTATION_VALIDATE,Hip-Hop/Synthetic Substitution – Melvin Bliss,Source IA — adaptation pédagogique
105,Basic Grooves,Hip-Hop,Hip-Hop,Funky Drummer – James Brown,100,4/4,curated,1,1,21600aaaabe2,1,1,ICONIC_CANDIDATE_TRANSCRIBE_VALIDATE,Hip-Hop/Funky Drummer – James Brown,Source IA — adaptation pédagogique
106,Basic Grooves,Hip-Hop,Hip-Hop,Think (About It) – Lyn Collins,102,4/4,curated,1,1,63e74ffa41d8,1,1,SOURCE_ONLY_AI_ADAPTATION_VALIDATE,Hip-Hop/Think (About It) – Lyn Collins,Source IA — adaptation pédagogique
107,Basic Grooves,Hip-Hop,Hip-Hop,Ashley's Roachclip – The Soul Searchers,92,4/4,curated,1,1,4e9d021bb823,1,1,SOURCE_ONLY_AI_ADAPTATION_VALIDATE,Hip-Hop/Ashley's Roachclip – The Soul Searchers,Source IA — adaptation pédagogique
108,Basic Grooves,Hip-Hop,Hip-Hop,Hihache – Lafayette Afro Rock Band,110,4/4,curated,1,1,cee8d04a8e28,1,1,SOURCE_ONLY_AI_ADAPTATION_VALIDATE,Hip-Hop/Hihache – Lafayette Afro Rock Band,Source IA — adaptation pédagogique
109,Basic Grooves,Hip-Hop,Hip-Hop,God Make Me Funky – The Headhunters,104,4/4,curated,1,1,b314880565df,1,1,SOURCE_ONLY_AI_ADAPTATION_VALIDATE,Hip-Hop/God Make Me Funky – The Headhunters,Source IA — adaptation pédagogique
110,Basic Grooves,Hip-Hop,Hip-Hop,It's A New Day – Skull Snaps,100,4/4,curated,1,1,e9044d551943,2,2,SOURCE_ONLY_AI_ADAPTATION_VALIDATE,Hip-Hop/It's A New Day – Skull Snaps,Source IA — adaptation pédagogique
111,Basic Grooves,Hip-Hop,Hip-Hop,Nuthin' But A 'G' Thang – Dr. Dre,94,4/4,curated,1,1,e3ee0460e771,1,1,SOURCE_ONLY_AI_ADAPTATION_VALIDATE,Hip-Hop/Nuthin' But A 'G' Thang – Dr. Dre,Source IA — adaptation pédagogique
112,Basic Grooves,Hip-Hop,Hip-Hop,C.R.E.A.M. – Wu-Tang Clan,91,4/4,curated,1,1,0085a2665c86,1,1,SOURCE_ONLY_AI_ADAPTATION_VALIDATE,Hip-Hop/C.R.E.A.M. – Wu-Tang Clan,Source IA — adaptation pédagogique
113,Basic Grooves,Hip-Hop,Hip-Hop,"Shook Ones, Pt. II – Mobb Deep",94,4/4,curated,1,1,0eec595c3a6c,1,1,SOURCE_ONLY_AI_ADAPTATION_VALIDATE,"Hip-Hop/Shook Ones, Pt. II – Mobb Deep",Source IA — adaptation pédagogique
114,Basic Grooves,Hip-Hop,Hip-Hop,The Message – Grandmaster Flash,100,4/4,curated,1,1,de6c3834e7ca,2,2,SOURCE_ONLY_AI_ADAPTATION_VALIDATE,Hip-Hop/The Message – Grandmaster Flash,Source IA — adaptation pédagogique
115,Basic Grooves,Hip-Hop,Hip-Hop,Rapper's Delight – Sugarhill Gang,112,4/4,curated,1,1,3b12b1fac90d,1,1,SOURCE_ONLY_AI_ADAPTATION_VALIDATE,Hip-Hop/Rapper's Delight – Sugarhill Gang,Source IA — adaptation pédagogique
116,Basic Grooves,Hip-Hop,Hip-Hop,Paid In Full – Eric B. & Rakim,100,4/4,curated,1,1,0ab25e80c9cd,1,1,SOURCE_ONLY_AI_ADAPTATION_VALIDATE,Hip-Hop/Paid In Full – Eric B. & Rakim,Source IA — adaptation pédagogique
117,Basic Grooves,Hip-Hop,Hip-Hop,Hip Hop Hooray – Naughty By Nature,99,4/4,curated,1,1,59ca0ecf3d17,1,1,SOURCE_ONLY_AI_ADAPTATION_VALIDATE,Hip-Hop/Hip Hop Hooray – Naughty By Nature,Source IA — adaptation pédagogique
118,Basic Grooves,Hip-Hop,Hip-Hop,Juicy – The Notorious B.I.G.,96,4/4,curated,1,1,1ea359f322fb,1,1,SOURCE_ONLY_AI_ADAPTATION_VALIDATE,Hip-Hop/Juicy – The Notorious B.I.G.,Source IA — adaptation pédagogique
119,Basic Grooves,Hip-Hop,Hip-Hop,Still D.R.E. – Dr. Dre,93,4/4,curated,1,1,de6c3834e7ca,2,2,SOURCE_ONLY_AI_ADAPTATION_VALIDATE,Hip-Hop/Still D.R.E. – Dr. Dre,Source IA — adaptation pédagogique
120,Basic Grooves,Hip-Hop,Hip-Hop,The Next Episode – Dr. Dre,95,4/4,curated,1,1,be109f70df6e,1,1,SOURCE_ONLY_AI_ADAPTATION_VALIDATE,Hip-Hop/The Next Episode – Dr. Dre,Source IA — adaptation pédagogique
121,Basic Grooves,Hip-Hop,Hip-Hop,Scenario – A Tribe Called Quest,102,4/4,curated,1,1,108e0cf7ac8b,1,1,SOURCE_ONLY_AI_ADAPTATION_VALIDATE,Hip-Hop/Scenario – A Tribe Called Quest,Source IA — adaptation pédagogique
122,Basic Grooves,Hip-Hop,Hip-Hop,They Reminisce Over You (T.R.O.Y.) – Pete Rock & CL Smooth,102,4/4,curated,1,1,7b4d368323fb,1,1,SOURCE_ONLY_AI_ADAPTATION_VALIDATE,Hip-Hop/They Reminisce Over You (T.R.O.Y.) – Pete Rock & CL Smooth,Source IA — adaptation pédagogique
123,Basic Grooves,Hip-Hop,Hip-Hop,Mass Appeal – Gang Starr,96,4/4,curated,1,1,a0358f4c10f9,1,1,SOURCE_ONLY_AI_ADAPTATION_VALIDATE,Hip-Hop/Mass Appeal – Gang Starr,Source IA — adaptation pédagogique
124,Basic Grooves,Hip-Hop,Hip-Hop,93 ’til Infinity – Souls of Mischief,93,4/4,curated,1,1,1d5beca8d541,1,1,SOURCE_ONLY_AI_ADAPTATION_VALIDATE,Hip-Hop/93 ’til Infinity – Souls of Mischief,Source IA — adaptation pédagogique
125,Basic Grooves,Hip-Hop,Hip-Hop,Electric Relaxation – A Tribe Called Quest,98,4/4,curated,1,1,e9044d551943,2,2,SOURCE_ONLY_AI_ADAPTATION_VALIDATE,Hip-Hop/Electric Relaxation – A Tribe Called Quest,Source IA — adaptation pédagogique
126,Basic Grooves,Reggae / Ska,Reggae,One Drop – Bob Marley & The Wailers,76,4/4,curated,1,1,0f045d335f46,1,1,ICONIC_CANDIDATE_TRANSCRIBE_VALIDATE,Reggae / Ska/One Drop – Bob Marley & The Wailers,Source IA — adaptation pédagogique
127,Basic Grooves,Reggae / Ska,Reggae,Exodus – Bob Marley & The Wailers,74,4/4,curated,1,1,2ba299f96a37,1,1,SOURCE_ONLY_AI_ADAPTATION_VALIDATE,Reggae / Ska/Exodus – Bob Marley & The Wailers,Source IA — adaptation pédagogique
128,Basic Grooves,Reggae / Ska,Reggae,Jamming – Bob Marley & The Wailers,78,4/4,curated,1,1,ff679ae7b9dc,1,1,ICONIC_CANDIDATE_TRANSCRIBE_VALIDATE,Reggae / Ska/Jamming – Bob Marley & The Wailers,Source IA — adaptation pédagogique
129,Basic Grooves,Reggae / Ska,Reggae,Is This Love – Bob Marley & The Wailers,76,4/4,curated,1,1,7b1060b75769,1,1,SOURCE_ONLY_AI_ADAPTATION_VALIDATE,Reggae / Ska/Is This Love – Bob Marley & The Wailers,Source IA — adaptation pédagogique
130,Basic Grooves,Reggae / Ska,Reggae,Legalize It – Peter Tosh,74,4/4,curated,1,1,4382f176730e,1,1,SOURCE_ONLY_AI_ADAPTATION_VALIDATE,Reggae / Ska/Legalize It – Peter Tosh,Source IA — adaptation pédagogique
131,Basic Grooves,Reggae / Ska,Reggae,Marcus Garvey – Burning Spear,80,4/4,curated,1,1,0bb72d36f4f3,1,1,SOURCE_ONLY_AI_ADAPTATION_VALIDATE,Reggae / Ska/Marcus Garvey – Burning Spear,Source IA — adaptation pédagogique
132,Basic Grooves,Reggae / Ska,Reggae,Police And Thieves – Junior Murvin,78,4/4,curated,1,1,9724d1022df7,1,1,SOURCE_ONLY_AI_ADAPTATION_VALIDATE,Reggae / Ska/Police And Thieves – Junior Murvin,Source IA — adaptation pédagogique
133,Basic Grooves,Reggae / Ska,Reggae,War Ina Babylon – Max Romeo,78,4/4,curated,1,1,6c68b598b508,1,1,SOURCE_ONLY_AI_ADAPTATION_VALIDATE,Reggae / Ska/War Ina Babylon – Max Romeo,Source IA — adaptation pédagogique
134,Basic Grooves,Reggae / Ska,Reggae,Satta Massagana – The Abyssinians,76,4/4,curated,1,1,99590787f49c,1,1,SOURCE_ONLY_AI_ADAPTATION_VALIDATE,Reggae / Ska/Satta Massagana – The Abyssinians,Source IA — adaptation pédagogique
135,Basic Grooves,Reggae / Ska,Reggae,Pressure Drop – Toots & The Maytals,90,4/4,curated,1,1,d290fc2c91e9,1,1,SOURCE_ONLY_AI_ADAPTATION_VALIDATE,Reggae / Ska/Pressure Drop – Toots & The Maytals,Source IA — adaptation pédagogique
136,Basic Grooves,Reggae / Ska,Reggae,54-46 That's My Number – Toots & The Maytals,88,4/4,curated,1,1,33fab33fb325,1,1,SOURCE_ONLY_AI_ADAPTATION_VALIDATE,Reggae / Ska/54-46 That's My Number – Toots & The Maytals,Source IA — adaptation pédagogique
137,Basic Grooves,Reggae / Ska,Reggae,The Harder They Come – Jimmy Cliff,92,4/4,curated,1,1,ce76f5728f9b,1,1,SOURCE_ONLY_AI_ADAPTATION_VALIDATE,Reggae / Ska/The Harder They Come – Jimmy Cliff,Source IA — adaptation pédagogique
138,Basic Grooves,Reggae / Ska,Reggae,Rivers Of Babylon – The Melodians,86,4/4,curated,1,1,5772ee9345ab,1,1,SOURCE_ONLY_AI_ADAPTATION_VALIDATE,Reggae / Ska/Rivers Of Babylon – The Melodians,Source IA — adaptation pédagogique
139,Basic Grooves,Reggae / Ska,Reggae,Israelites – Desmond Dekker,84,4/4,curated,1,1,9951f02d030d,1,1,SOURCE_ONLY_AI_ADAPTATION_VALIDATE,Reggae / Ska/Israelites – Desmond Dekker,Source IA — adaptation pédagogique
140,Basic Grooves,Reggae / Ska,Reggae,A Message To You Rudy – The Specials,104,4/4,curated,1,1,8a19ff069bb6,1,1,SOURCE_ONLY_AI_ADAPTATION_VALIDATE,Reggae / Ska/A Message To You Rudy – The Specials,Source IA — adaptation pédagogique
141,Basic Grooves,Reggae / Ska,Reggae,Ghost Town – The Specials,75,4/4,curated,1,1,2d5aeaa2b7b0,1,1,SOURCE_ONLY_AI_ADAPTATION_VALIDATE,Reggae / Ska/Ghost Town – The Specials,Source IA — adaptation pédagogique
142,Basic Grooves,Reggae / Ska,Reggae,One Step Beyond – Madness,156,4/4,curated,1,1,7f73c8b2b57e,1,1,SOURCE_ONLY_AI_ADAPTATION_VALIDATE,Reggae / Ska/One Step Beyond – Madness,Source IA — adaptation pédagogique
143,Basic Grooves,Reggae / Ska,Reggae,Mirror In The Bathroom – The Beat,160,4/4,curated,1,1,ac473cd17a09,1,1,SOURCE_ONLY_AI_ADAPTATION_VALIDATE,Reggae / Ska/Mirror In The Bathroom – The Beat,Source IA — adaptation pédagogique
144,Basic Grooves,Reggae / Ska,Reggae,Guns Of Navarone – The Skatalites,132,4/4,curated,1,1,98fe34bd0b1f,1,1,SOURCE_ONLY_AI_ADAPTATION_VALIDATE,Reggae / Ska/Guns Of Navarone – The Skatalites,Source IA — adaptation pédagogique
145,Basic Grooves,Reggae / Ska,Reggae,Gangsters – The Specials,148,4/4,curated,1,1,0191b7d62df2,1,1,SOURCE_ONLY_AI_ADAPTATION_VALIDATE,Reggae / Ska/Gangsters – The Specials,Source IA — adaptation pédagogique
146,Basic Grooves,Reggae / Ska,Reggae,Walking On The Moon – The Police,146,4/4,curated,1,1,1f39852ca139,1,1,SOURCE_ONLY_AI_ADAPTATION_VALIDATE,Reggae / Ska/Walking On The Moon – The Police,Source IA — adaptation pédagogique
147,Basic Grooves,Reggae / Ska,Reggae,Red Red Wine – UB40,89,4/4,curated,1,1,bfa2e510ba69,1,1,SOURCE_ONLY_AI_ADAPTATION_VALIDATE,Reggae / Ska/Red Red Wine – UB40,Source IA — adaptation pédagogique
148,Basic Grooves,Reggae / Ska,Reggae,Kingston Town – UB40,82,4/4,curated,1,1,2cb8d50f3745,1,1,SOURCE_ONLY_AI_ADAPTATION_VALIDATE,Reggae / Ska/Kingston Town – UB40,Source IA — adaptation pédagogique
149,Basic Grooves,Reggae / Ska,Reggae,Pass The Dutchie – Musical Youth,150,4/4,curated,1,1,ac7d705392d6,1,1,SOURCE_ONLY_AI_ADAPTATION_VALIDATE,Reggae / Ska/Pass The Dutchie – Musical Youth,Source IA — adaptation pédagogique
150,Basic Grooves,Reggae / Ska,Reggae,Here I Come – Barrington Levy,86,4/4,curated,1,1,5311d252a63c,1,1,SOURCE_ONLY_AI_ADAPTATION_VALIDATE,Reggae / Ska/Here I Come – Barrington Levy,Source IA — adaptation pédagogique
151,Basic Grooves,Latin,Latin,The Girl From Ipanema – Getz/Gilberto,124,4/4,curated,1,1,84018082330a,1,1,SOURCE_ONLY_AI_ADAPTATION_VALIDATE,Latin/The Girl From Ipanema – Getz/Gilberto,Source IA — adaptation pédagogique
152,Basic Grooves,Latin,Latin,Mas Que Nada – Jorge Ben Jor,148,4/4,curated,1,1,a94ac302b455,4,4,SOURCE_ONLY_AI_ADAPTATION_VALIDATE,Latin/Mas Que Nada – Jorge Ben Jor,Source IA — adaptation pédagogique
153,Basic Grooves,Latin,Latin,Oye Como Va – Santana,126,4/4,curated,1,1,a3250f3a030a,2,2,SOURCE_ONLY_AI_ADAPTATION_VALIDATE,Latin/Oye Como Va – Santana,Source IA — adaptation pédagogique
154,Basic Grooves,Latin,Latin,Manteca – Dizzy Gillespie,132,4/4,curated,1,1,6865ce1dd6c5,1,1,SOURCE_ONLY_AI_ADAPTATION_VALIDATE,Latin/Manteca – Dizzy Gillespie,Source IA — adaptation pédagogique
155,Basic Grooves,Latin,Latin,Watermelon Man – Mongo Santamaría,112,4/4,curated,1,1,6d886e54241b,2,2,SOURCE_ONLY_AI_ADAPTATION_VALIDATE,Latin/Watermelon Man – Mongo Santamaría,Source IA — adaptation pédagogique
156,Basic Grooves,Latin,Bossa Nova,Soul Bossa Nova – Quincy Jones,156,4/4,curated,1,1,a94ac302b455,4,4,SOURCE_ONLY_AI_ADAPTATION_VALIDATE,Latin/Soul Bossa Nova – Quincy Jones,Source IA — adaptation pédagogique
157,Basic Grooves,Latin,Latin,Corcovado – Antônio Carlos Jobim,104,4/4,curated,1,1,3d04febfbfed,1,1,SOURCE_ONLY_AI_ADAPTATION_VALIDATE,Latin/Corcovado – Antônio Carlos Jobim,Source IA — adaptation pédagogique
158,Basic Grooves,Latin,Latin,Wave – Antônio Carlos Jobim,126,4/4,curated,1,1,e2c7c1a73a21,1,1,SOURCE_ONLY_AI_ADAPTATION_VALIDATE,Latin/Wave – Antônio Carlos Jobim,Source IA — adaptation pédagogique
159,Basic Grooves,Latin,Latin,Desafinado – Stan Getz & Charlie Byrd,132,4/4,curated,1,1,091d7ece0a40,1,1,SOURCE_ONLY_AI_ADAPTATION_VALIDATE,Latin/Desafinado – Stan Getz & Charlie Byrd,Source IA — adaptation pédagogique
160,Basic Grooves,Latin,Latin,Água de Beber – Antônio Carlos Jobim,126,4/4,curated,1,1,be3d4cb9e857,1,1,SOURCE_ONLY_AI_ADAPTATION_VALIDATE,Latin/Água de Beber – Antônio Carlos Jobim,Source IA — adaptation pédagogique
161,Basic Grooves,Latin,Latin,Brazil – Ary Barroso,144,4/4,curated,1,1,a3250f3a030a,2,2,SOURCE_ONLY_AI_ADAPTATION_VALIDATE,Latin/Brazil – Ary Barroso,Source IA — adaptation pédagogique
162,Basic Grooves,Latin,Latin,Ran Kan Kan – Tito Puente,168,4/4,curated,1,1,8eb11050e326,1,1,SOURCE_ONLY_AI_ADAPTATION_VALIDATE,Latin/Ran Kan Kan – Tito Puente,Source IA — adaptation pédagogique
163,Basic Grooves,Latin,Latin,Mambo Gozón – Tito Puente,172,4/4,curated,1,1,fdf7b68e3c34,1,1,SOURCE_ONLY_AI_ADAPTATION_VALIDATE,Latin/Mambo Gozón – Tito Puente,Source IA — adaptation pédagogique
164,Basic Grooves,Latin,Latin,Quimbara – Celia Cruz,176,4/4,curated,1,1,9cec8270031c,1,1,SOURCE_ONLY_AI_ADAPTATION_VALIDATE,Latin/Quimbara – Celia Cruz,Source IA — adaptation pédagogique
165,Basic Grooves,Latin,Latin,Pedro Navaja – Rubén Blades,104,4/4,curated,1,1,da85cff7e772,1,1,SOURCE_ONLY_AI_ADAPTATION_VALIDATE,Latin/Pedro Navaja – Rubén Blades,Source IA — adaptation pédagogique
166,Basic Grooves,Latin,Latin,Chan Chan – Buena Vista Social Club,82,4/4,curated,1,1,a94ac302b455,4,4,SOURCE_ONLY_AI_ADAPTATION_VALIDATE,Latin/Chan Chan – Buena Vista Social Club,Source IA — adaptation pédagogique
167,Basic Grooves,Latin,Latin,El Cuarto de Tula – Buena Vista Social Club,100,4/4,curated,1,1,ef06aa4f0f3d,1,1,SOURCE_ONLY_AI_ADAPTATION_VALIDATE,Latin/El Cuarto de Tula – Buena Vista Social Club,Source IA — adaptation pédagogique
168,Basic Grooves,Latin,Latin,Black Orpheus – Luiz Bonfá,132,4/4,curated,1,1,88defd6316e2,1,1,SOURCE_ONLY_AI_ADAPTATION_VALIDATE,Latin/Black Orpheus – Luiz Bonfá,Source IA — adaptation pédagogique
169,Basic Grooves,Latin,Latin,Afro Blue – Mongo Santamaría,126,6/8,curated,1,1,dcc00253c6d6,1,1,SOURCE_ONLY_AI_ADAPTATION_VALIDATE,Latin/Afro Blue – Mongo Santamaría,Source IA — adaptation pédagogique
170,Basic Grooves,Latin,Latin,Spain – Chick Corea,126,4/4,curated,1,1,e8f5b5fe5981,1,1,SOURCE_ONLY_AI_ADAPTATION_VALIDATE,Latin/Spain – Chick Corea,Source IA — adaptation pédagogique
171,Basic Grooves,Latin,Latin,A Night in Tunisia – Chano Pozo / Dizzy Gillespie,138,4/4,curated,1,1,a94ac302b455,4,4,SOURCE_ONLY_AI_ADAPTATION_VALIDATE,Latin/A Night in Tunisia – Chano Pozo / Dizzy Gillespie,Source IA — adaptation pédagogique
172,Basic Grooves,Latin,Latin,Chega de Saudade – João Gilberto,126,4/4,curated,1,1,fe8b44ee80dc,1,1,SOURCE_ONLY_AI_ADAPTATION_VALIDATE,Latin/Chega de Saudade – João Gilberto,Source IA — adaptation pédagogique
173,Basic Grooves,Latin,Samba,Samba de Uma Nota Só – Antônio Carlos Jobim,132,4/4,curated,1,1,20850586aa9f,1,1,SOURCE_ONLY_AI_ADAPTATION_VALIDATE,Latin/Samba de Uma Nota Só – Antônio Carlos Jobim,Source IA — adaptation pédagogique
174,Basic Grooves,Latin,Latin,El Cantante – Héctor Lavoe,102,4/4,curated,1,1,6d886e54241b,2,2,SOURCE_ONLY_AI_ADAPTATION_VALIDATE,Latin/El Cantante – Héctor Lavoe,Source IA — adaptation pédagogique
175,Basic Grooves,Latin,Latin,Vivir Mi Vida – Marc Anthony,105,4/4,curated,1,1,4a9d362755c3,1,1,SOURCE_ONLY_AI_ADAPTATION_VALIDATE,Latin/Vivir Mi Vida – Marc Anthony,Source IA — adaptation pédagogique
176,Basic Grooves,Afro / World,Afro / World,Water No Get Enemy – Fela Kuti,102,4/4,curated,1,1,75a378488f22,4,4,SOURCE_ONLY_AI_ADAPTATION_VALIDATE,Afro / World/Water No Get Enemy – Fela Kuti,Source IA — adaptation pédagogique
177,Basic Grooves,Afro / World,Afro / World,Zombie – Fela Kuti,110,4/4,curated,1,1,2c09b04e823a,3,3,SOURCE_ONLY_AI_ADAPTATION_VALIDATE,Afro / World/Zombie – Fela Kuti,Source IA — adaptation pédagogique
178,Basic Grooves,Afro / World,Afro / World,Expensive Shit – Fela Kuti,104,4/4,curated,1,1,19da1b0d1709,1,1,SOURCE_ONLY_AI_ADAPTATION_VALIDATE,Afro / World/Expensive Shit – Fela Kuti,Source IA — adaptation pédagogique
179,Basic Grooves,Afro / World,Afro / World,Shakara – Fela Kuti,106,4/4,curated,1,1,f8b3f3da62a2,2,2,SOURCE_ONLY_AI_ADAPTATION_VALIDATE,Afro / World/Shakara – Fela Kuti,Source IA — adaptation pédagogique
180,Basic Grooves,Afro / World,Afro / World,Sorrow Tears And Blood – Fela Kuti,108,4/4,curated,1,1,75a378488f22,4,4,SOURCE_ONLY_AI_ADAPTATION_VALIDATE,Afro / World/Sorrow Tears And Blood – Fela Kuti,Source IA — adaptation pédagogique
181,Basic Grooves,Afro / World,Afro / World,Gentleman – Fela Kuti,104,4/4,curated,1,1,f8b3f3da62a2,2,2,SOURCE_ONLY_AI_ADAPTATION_VALIDATE,Afro / World/Gentleman – Fela Kuti,Source IA — adaptation pédagogique
182,Basic Grooves,Afro / World,Afro / World,Lady – Fela Kuti,108,4/4,curated,1,1,c5530d47d68d,1,1,SOURCE_ONLY_AI_ADAPTATION_VALIDATE,Afro / World/Lady – Fela Kuti,Source IA — adaptation pédagogique
183,Basic Grooves,Afro / World,Afro / World,Roforofo Fight – Fela Kuti,106,4/4,curated,1,1,75a378488f22,4,4,SOURCE_ONLY_AI_ADAPTATION_VALIDATE,Afro / World/Roforofo Fight – Fela Kuti,Source IA — adaptation pédagogique
184,Basic Grooves,Afro / World,Afro / World,Opposite People – Fela Kuti,112,4/4,curated,1,1,149ef3e06fa6,1,1,SOURCE_ONLY_AI_ADAPTATION_VALIDATE,Afro / World/Opposite People – Fela Kuti,Source IA — adaptation pédagogique
185,Basic Grooves,Afro / World,Afro / World,ITT – Fela Kuti,104,4/4,curated,1,1,69ec3fb9548f,2,2,SOURCE_ONLY_AI_ADAPTATION_VALIDATE,Afro / World/ITT – Fela Kuti,Source IA — adaptation pédagogique
186,Basic Grooves,Afro / World,Soul,Soul Makossa – Manu Dibango,118,4/4,curated,1,1,b7c4442bae03,3,3,SOURCE_ONLY_AI_ADAPTATION_VALIDATE,Afro / World/Soul Makossa – Manu Dibango,Source IA — adaptation pédagogique
187,Basic Grooves,Afro / World,Afro / World,Pata Pata – Miriam Makeba,126,4/4,curated,1,1,c0d2c13ae335,1,1,SOURCE_ONLY_AI_ADAPTATION_VALIDATE,Afro / World/Pata Pata – Miriam Makeba,Source IA — adaptation pédagogique
188,Basic Grooves,Afro / World,Afro / World,Yéké Yéké – Mory Kanté,124,4/4,curated,1,1,e6df87f13ac4,1,1,SOURCE_ONLY_AI_ADAPTATION_VALIDATE,Afro / World/Yéké Yéké – Mory Kanté,Source IA — adaptation pédagogique
189,Basic Grooves,Afro / World,Afro / World,Sweet Mother – Prince Nico Mbarga,118,4/4,curated,1,1,2c09b04e823a,3,3,SOURCE_ONLY_AI_ADAPTATION_VALIDATE,Afro / World/Sweet Mother – Prince Nico Mbarga,Source IA — adaptation pédagogique
190,Basic Grooves,Afro / World,Afro / World,Agolo – Angélique Kidjo,116,4/4,curated,1,1,7f5fa598cb10,1,1,SOURCE_ONLY_AI_ADAPTATION_VALIDATE,Afro / World/Agolo – Angélique Kidjo,Source IA — adaptation pédagogique
191,Basic Grooves,Afro / World,Afro / World,Jerusalema – Master KG,124,4/4,curated,1,1,b7c4442bae03,3,3,SOURCE_ONLY_AI_ADAPTATION_VALIDATE,Afro / World/Jerusalema – Master KG,Source IA — adaptation pédagogique
192,Basic Grooves,Afro / World,Afro / World,Waka Waka – Shakira,128,4/4,curated,1,1,2c09b04e823a,3,3,SOURCE_ONLY_AI_ADAPTATION_VALIDATE,Afro / World/Waka Waka – Shakira,Source IA — adaptation pédagogique
193,Basic Grooves,Afro / World,Afro / World,Homeless – Ladysmith Black Mambazo,92,6/8,curated,1,1,a69413e39c17,1,1,SOURCE_ONLY_AI_ADAPTATION_VALIDATE,Afro / World/Homeless – Ladysmith Black Mambazo,Source IA — adaptation pédagogique
194,Basic Grooves,Afro / World,Afro / World,Malaika – Miriam Makeba,96,6/8,curated,1,1,289635a0207a,1,1,SOURCE_ONLY_AI_ADAPTATION_VALIDATE,Afro / World/Malaika – Miriam Makeba,Source IA — adaptation pédagogique
195,Basic Grooves,Afro / World,Afro / World,Jingo – Santana,116,6/8,curated,1,1,1727d6868b54,1,1,SOURCE_ONLY_AI_ADAPTATION_VALIDATE,Afro / World/Jingo – Santana,Source IA — adaptation pédagogique
196,Basic Grooves,Afro / World,Afro / World,Ye Ye De Smell – Fela Kuti,108,4/4,curated,1,1,b7c4442bae03,3,3,SOURCE_ONLY_AI_ADAPTATION_VALIDATE,Afro / World/Ye Ye De Smell – Fela Kuti,Source IA — adaptation pédagogique
197,Basic Grooves,Afro / World,Funk,African Woman – The Funkees,112,4/4,curated,1,1,0f1fa47d8a30,1,1,SOURCE_ONLY_AI_ADAPTATION_VALIDATE,Afro / World/African Woman – The Funkees,Source IA — adaptation pédagogique
198,Basic Grooves,Afro / World,Afro / World,New Bell – Manu Dibango,116,4/4,curated,1,1,4abd324752b7,1,1,SOURCE_ONLY_AI_ADAPTATION_VALIDATE,Afro / World/New Bell – Manu Dibango,Source IA — adaptation pédagogique
199,Basic Grooves,Afro / World,Afro / World,Lady (Hear Me Tonight) – Modjo / Chic-influenced world-dance,126,4/4,curated,1,1,75a378488f22,4,4,SOURCE_ONLY_AI_ADAPTATION_VALIDATE,Afro / World/Lady (Hear Me Tonight) – Modjo / Chic-influenced world-dance,Source IA — adaptation pédagogique
200,Basic Grooves,Afro / World,Afro / World,Premier Gaou – Magic System,126,4/4,curated,1,1,69ec3fb9548f,2,2,SOURCE_ONLY_AI_ADAPTATION_VALIDATE,Afro / World/Premier Gaou – Magic System,Source IA — adaptation pédagogique
201,Battrochtek Library v2,Latin / Cumbia,Cumbia Colombiana,Cumbia Colombiana,96,4/4,curated,8,6,5f4f632f09e7,59,59,MERGE_TO_CUMBIA_TRADITIONAL_REBUILD,Colombia,Battrochtek — adaptation pédagogique drum-set
202,Battrochtek Library v2,Latin / Cumbia,Cumbia Traditional Drum-Set,Cumbia Traditional Drum-Set,94,4/4,curated,8,6,5f4f632f09e7,59,59,MERGE_TO_CUMBIA_TRADITIONAL_REBUILD,Colombia,Battrochtek — adaptation pédagogique drum-set
203,Battrochtek Library v2,Latin / Cumbia,Cumbia Moderna,Cumbia Moderna,102,4/4,curated,8,6,5f4f632f09e7,59,59,REVIEW_CUMBIA_VARIANT_REBUILD_OR_TAG,Colombia,Battrochtek — adaptation pédagogique drum-set
204,Battrochtek Library v2,Latin / Cumbia,Cumbia Sonidera,Cumbia Sonidera,92,4/4,curated,8,6,5f4f632f09e7,59,59,REVIEW_CUMBIA_VARIANT_REBUILD_OR_TAG,Mexico,Battrochtek — adaptation pédagogique drum-set
205,Battrochtek Library v2,Latin / Cumbia,Cumbia Villera,Cumbia Villera,98,4/4,curated,8,6,5f4f632f09e7,59,59,REVIEW_CUMBIA_VARIANT_REBUILD_OR_TAG,Argentina,Battrochtek — adaptation pédagogique drum-set
206,Battrochtek Library v2,Latin / Cumbia,Chicha / Cumbia Peruana,Chicha / Cumbia Peruana,104,4/4,curated,8,6,5f4f632f09e7,59,59,REVIEW_CUMBIA_VARIANT_REBUILD_OR_TAG,Peru,Battrochtek — adaptation pédagogique drum-set
207,Battrochtek Library v2,Latin / Cumbia,Cumbia Rebajada,Cumbia Rebajada,78,4/4,curated,8,6,5f4f632f09e7,59,59,REVIEW_CUMBIA_VARIANT_REBUILD_OR_TAG,Mexico,Battrochtek — adaptation pédagogique drum-set
208,Battrochtek Library v2,Latin / Cumbia,Cumbia Funk,Cumbia Funk,104,4/4,curated,8,8,97cee4f2b88f,17,17,REVIEW_CUMBIA_VARIANT_REBUILD_OR_TAG,Colombia,Battrochtek — adaptation pédagogique drum-set
209,Battrochtek Library v2,Latin / Cuba & Salsa,Son Cubano,Son Cubano,96,4/4,curated,4,4,e773fb6390c0,7,7,REBUILD_DISTINCT_ARCHETYPE,Cuba,Battrochtek — adaptation pédagogique drum-set
210,Battrochtek Library v2,Latin / Cuba & Salsa,Son Montuno,Son Montuno,104,4/4,curated,4,4,e773fb6390c0,7,7,REBUILD_DISTINCT_ARCHETYPE,Cuba,Battrochtek — adaptation pédagogique drum-set
211,Battrochtek Library v2,Latin / Cuba & Salsa,Salsa 2-3,Salsa 2-3,98,4/4,curated,4,4,e773fb6390c0,7,7,REBUILD_DISTINCT_ARCHETYPE,Cuba/Puerto Rico,Battrochtek — adaptation pédagogique drum-set
212,Battrochtek Library v2,Latin / Cuba & Salsa,Salsa 3-2,Salsa 3-2,100,4/4,curated,4,4,e773fb6390c0,7,7,REBUILD_DISTINCT_ARCHETYPE,Cuba/Puerto Rico,Battrochtek — adaptation pédagogique drum-set
213,Battrochtek Library v2,Latin / Cuba & Salsa,Mambo,Mambo,188,4/4,curated,4,4,5f4f632f09e7,59,59,REBUILD_DISTINCT_ARCHETYPE,Cuba,Battrochtek — adaptation pédagogique drum-set
214,Battrochtek Library v2,Latin / Cuba & Salsa,Songo,Songo,104,4/4,curated,4,4,97cee4f2b88f,17,17,REBUILD_DISTINCT_ARCHETYPE,Cuba,Battrochtek — adaptation pédagogique drum-set
215,Battrochtek Library v2,Latin / Cuba & Salsa,Mozambique,Mozambique,112,4/4,curated,4,4,97cee4f2b88f,17,17,REBUILD_DISTINCT_ARCHETYPE,Cuba,Battrochtek — adaptation pédagogique drum-set
216,Battrochtek Library v2,Latin / Cuba & Salsa,Timba,Timba,112,4/4,curated,4,4,97cee4f2b88f,17,17,REBUILD_DISTINCT_ARCHETYPE,Cuba,Battrochtek — adaptation pédagogique drum-set
217,Battrochtek Library v2,Latin / Cuba & Salsa,Guaguanco Drum-Set,Guaguanco Drum-Set,92,4/4,curated,4,4,e773fb6390c0,7,7,REBUILD_DISTINCT_ARCHETYPE,Cuba,Battrochtek — adaptation pédagogique drum-set
218,Battrochtek Library v2,Latin / Cuba & Salsa,Bembe 6/8,Bembe 6/8,112,6/8,curated,4,4,0f7f502d6c91,6,6,REBUILD_DISTINCT_ARCHETYPE,Cuba/West Africa,Battrochtek — adaptation pédagogique drum-set
219,Battrochtek Library v2,Latin / Cuba & Salsa,Bolero Cubano,Bolero Cubano,78,4/4,curated,4,4,5f4f632f09e7,59,59,REBUILD_DISTINCT_ARCHETYPE,Cuba,Battrochtek — adaptation pédagogique drum-set
220,Battrochtek Library v2,Latin / Cuba & Salsa,Cha-cha-cha,Cha-cha-cha,124,4/4,curated,4,4,5f4f632f09e7,59,59,REBUILD_DISTINCT_ARCHETYPE,Cuba,Battrochtek — adaptation pédagogique drum-set
221,Battrochtek Library v2,Latin / Caribbean,Merengue,Merengue,132,4/4,curated,4,4,5f4f632f09e7,59,59,REBUILD_DISTINCT_ARCHETYPE,Dominican Republic,Battrochtek — adaptation pédagogique drum-set
222,Battrochtek Library v2,Latin / Caribbean,Bachata,Bachata,126,4/4,curated,4,4,5f4f632f09e7,59,59,REBUILD_DISTINCT_ARCHETYPE,Dominican Republic,Battrochtek — adaptation pédagogique drum-set
223,Battrochtek Library v2,Latin / Caribbean,Bomba Drum-Set,Bomba Drum-Set,104,4/4,curated,4,4,5f4f632f09e7,59,59,REBUILD_DISTINCT_ARCHETYPE,Puerto Rico,Battrochtek — adaptation pédagogique drum-set
224,Battrochtek Library v2,Latin / Caribbean,Plena Drum-Set,Plena Drum-Set,112,4/4,curated,4,4,5f4f632f09e7,59,59,REBUILD_DISTINCT_ARCHETYPE,Puerto Rico,Battrochtek — adaptation pédagogique drum-set
225,Battrochtek Library v2,Latin / Caribbean,Reggaeton / Dembow,Reggaeton / Dembow,94,4/4,curated,4,4,760a8cc17a65,1,1,REBUILD_VALIDATE,Caribbean,Battrochtek — adaptation pédagogique drum-set
226,Battrochtek Library v2,Latin / Caribbean,Calypso,Calypso,118,4/4,curated,4,4,5f4f632f09e7,59,59,REBUILD_DISTINCT_ARCHETYPE,Trinidad & Tobago,Battrochtek — adaptation pédagogique drum-set
227,Battrochtek Library v2,Latin / Caribbean,Soca,Soca,128,4/4,curated,4,4,5f4f632f09e7,59,59,REBUILD_DISTINCT_ARCHETYPE,Trinidad & Tobago,Battrochtek — adaptation pédagogique drum-set
228,Battrochtek Library v2,Latin / Brazil,Bossa Nova,Bossa Nova,132,4/4,curated,4,4,5f4f632f09e7,59,59,REBUILD_DISTINCT_ARCHETYPE,Brazil,Battrochtek — adaptation pédagogique drum-set
229,Battrochtek Library v2,Latin / Brazil,Samba,Samba,108,4/4,curated,4,4,a42eca7e2aac,3,3,REBUILD_DISTINCT_ARCHETYPE,Brazil,Battrochtek — adaptation pédagogique drum-set
230,Battrochtek Library v2,Latin / Brazil,Samba Partido Alto,Samba Partido Alto,112,4/4,curated,4,4,97cee4f2b88f,17,17,REBUILD_DISTINCT_ARCHETYPE,Brazil,Battrochtek — adaptation pédagogique drum-set
231,Battrochtek Library v2,Latin / Brazil,Samba-Reggae,Samba-Reggae,102,4/4,curated,4,4,5f4f632f09e7,59,59,REBUILD_DISTINCT_ARCHETYPE,Brazil,Battrochtek — adaptation pédagogique drum-set
232,Battrochtek Library v2,Latin / Brazil,Baiao,Baiao,116,4/4,curated,4,4,a42eca7e2aac,3,3,REBUILD_DISTINCT_ARCHETYPE,Brazil,Battrochtek — adaptation pédagogique drum-set
233,Battrochtek Library v2,Latin / Brazil,Maracatu,Maracatu,104,4/4,curated,4,4,a42eca7e2aac,3,3,REBUILD_DISTINCT_ARCHETYPE,Brazil,Battrochtek — adaptation pédagogique drum-set
234,Battrochtek Library v2,Latin / Brazil,Frevo,Frevo,154,4/4,curated,4,4,5f4f632f09e7,59,59,REBUILD_DISTINCT_ARCHETYPE,Brazil,Battrochtek — adaptation pédagogique drum-set
235,Battrochtek Library v2,Latin / Brazil,Brazilian Funk,Brazilian Funk,102,4/4,curated,4,4,97cee4f2b88f,17,17,REBUILD_DISTINCT_ARCHETYPE,Brazil,Battrochtek — adaptation pédagogique drum-set
236,Battrochtek Library v2,Afro / West Africa,Afrobeat,Afrobeat,108,4/4,curated,4,4,97cee4f2b88f,17,17,REBUILD_DISTINCT_ARCHETYPE,Nigeria,Battrochtek — adaptation pédagogique drum-set
237,Battrochtek Library v2,Afro / West Africa,Highlife,Highlife,116,4/4,curated,4,4,5f4f632f09e7,59,59,REBUILD_DISTINCT_ARCHETYPE,Ghana,Battrochtek — adaptation pédagogique drum-set
238,Battrochtek Library v2,Afro / West Africa,Afro 6/8,Afro 6/8,112,6/8,curated,4,4,0f7f502d6c91,6,6,REBUILD_DISTINCT_ARCHETYPE,West Africa,Battrochtek — adaptation pédagogique drum-set
239,Battrochtek Library v2,Afro / West Africa,Kpanlogo Drum-Set,Kpanlogo Drum-Set,108,4/4,curated,4,4,5f4f632f09e7,59,59,REBUILD_DISTINCT_ARCHETYPE,Ghana,Battrochtek — adaptation pédagogique drum-set
240,Battrochtek Library v2,Afro / West Africa,Agbadza Drum-Set,Agbadza Drum-Set,112,12/8,curated,4,4,9354978706d3,2,2,REBUILD_DISTINCT_ARCHETYPE,Ghana/Togo,Battrochtek — adaptation pédagogique drum-set
241,Battrochtek Library v2,Afro / West Africa,Fanga Drum-Set,Fanga Drum-Set,106,6/8,curated,4,4,0f7f502d6c91,6,6,REBUILD_DISTINCT_ARCHETYPE,West Africa,Battrochtek — adaptation pédagogique drum-set
242,Battrochtek Library v2,Afro / Central & South,Soukous,Soukous,126,4/4,curated,4,4,5f4f632f09e7,59,59,REBUILD_DISTINCT_ARCHETYPE,DR Congo,Battrochtek — adaptation pédagogique drum-set
243,Battrochtek Library v2,Afro / Central & South,Makossa,Makossa,118,4/4,curated,4,4,97cee4f2b88f,17,17,REBUILD_DISTINCT_ARCHETYPE,Cameroon,Battrochtek — adaptation pédagogique drum-set
244,Battrochtek Library v2,Afro / Central & South,Mbalax Drum-Set,Mbalax Drum-Set,124,4/4,curated,4,4,5f4f632f09e7,59,59,REBUILD_DISTINCT_ARCHETYPE,Senegal,Battrochtek — adaptation pédagogique drum-set
245,Battrochtek Library v2,Afro / Central & South,Amapiano,Amapiano,112,4/4,curated,4,4,ff683effcfde,5,5,REBUILD_DISTINCT_ARCHETYPE,South Africa,Battrochtek — adaptation pédagogique drum-set
246,Battrochtek Library v2,Afro / Central & South,South African House,South African House,120,4/4,curated,4,4,80e5da64bcf4,7,7,REBUILD_DISTINCT_ARCHETYPE,South Africa,Battrochtek — adaptation pédagogique drum-set
247,Battrochtek Library v2,World / Indian Ocean,Sega Drum-Set,Sega Drum-Set,112,6/8,curated,4,4,0f7f502d6c91,6,6,REBUILD_DISTINCT_ARCHETYPE,Mauritius/Reunion,Battrochtek — adaptation pédagogique drum-set
248,Battrochtek Library v2,World / Indian Ocean,Maloya Drum-Set,Maloya Drum-Set,104,6/8,curated,4,4,0f7f502d6c91,6,6,REBUILD_DISTINCT_ARCHETYPE,Reunion,Battrochtek — adaptation pédagogique drum-set
249,Battrochtek Library v2,World / Caribbean,Kompa,Kompa,104,4/4,curated,4,4,5f4f632f09e7,59,59,REBUILD_DISTINCT_ARCHETYPE,Haiti,Battrochtek — adaptation pédagogique drum-set
250,Battrochtek Library v2,World / Caribbean,Zouk,Zouk,112,4/4,curated,4,4,5f4f632f09e7,59,59,REBUILD_DISTINCT_ARCHETYPE,French Caribbean,Battrochtek — adaptation pédagogique drum-set
251,Battrochtek Library v2,World / Caribbean,Beguine,Beguine,118,4/4,curated,4,4,5f4f632f09e7,59,59,REBUILD_DISTINCT_ARCHETYPE,Martinique/Guadeloupe,Battrochtek — adaptation pédagogique drum-set
252,Battrochtek Library v2,World / North Africa & Middle East,Gnawa Drum-Set,Gnawa Drum-Set,96,6/8,curated,4,4,0f7f502d6c91,6,6,REBUILD_DISTINCT_ARCHETYPE,Morocco,Battrochtek — adaptation pédagogique drum-set
253,Battrochtek Library v2,World / North Africa & Middle East,Maghreb Chaabi,Maghreb Chaabi,106,4/4,curated,4,4,5f4f632f09e7,59,59,REBUILD_DISTINCT_ARCHETYPE,North Africa,Battrochtek — adaptation pédagogique drum-set
254,Battrochtek Library v2,World / North Africa & Middle East,Rai,Rai,112,4/4,curated,4,4,5f4f632f09e7,59,59,REBUILD_DISTINCT_ARCHETYPE,Algeria,Battrochtek — adaptation pédagogique drum-set
255,Battrochtek Library v2,World / North Africa & Middle East,Maqsum Drum-Set,Maqsum Drum-Set,104,4/4,curated,4,4,e773fb6390c0,7,7,REBUILD_DISTINCT_ARCHETYPE,Middle East,Battrochtek — adaptation pédagogique drum-set
256,Battrochtek Library v2,World / North Africa & Middle East,Saidi Drum-Set,Saidi Drum-Set,112,4/4,curated,4,4,e773fb6390c0,7,7,REBUILD_DISTINCT_ARCHETYPE,Egypt,Battrochtek — adaptation pédagogique drum-set
257,Battrochtek Library v2,World / North Africa & Middle East,Malfuf Drum-Set,Malfuf Drum-Set,122,2/4,curated,4,4,b31db86b055d,2,2,REBUILD_DISTINCT_ARCHETYPE,Middle East,Battrochtek — adaptation pédagogique drum-set
258,Battrochtek Library v2,World / North Africa & Middle East,Ayoub Drum-Set,Ayoub Drum-Set,108,2/4,curated,4,4,b31db86b055d,2,2,REBUILD_DISTINCT_ARCHETYPE,Middle East,Battrochtek — adaptation pédagogique drum-set
259,Battrochtek Library v2,World / Balkans,Balkan 7/8,Balkan 7/8,126,7/8,curated,4,4,88bcb562d270,3,3,REBUILD_DISTINCT_ARCHETYPE,Balkans,Battrochtek — adaptation pédagogique drum-set
260,Battrochtek Library v2,World / Balkans,Balkan 9/8,Balkan 9/8,122,9/8,curated,4,4,2fefe897ebdb,2,2,REBUILD_DISTINCT_ARCHETYPE,Balkans,Battrochtek — adaptation pédagogique drum-set
261,Battrochtek Library v2,Funk / Soul / R&B,Meters / New Orleans Funk,Meters / New Orleans Funk,98,4/4,curated,4,4,5f4f632f09e7,59,59,REBUILD_DISTINCT_ARCHETYPE,New Orleans,Battrochtek — adaptation pédagogique drum-set
262,Battrochtek Library v2,Funk / Soul / R&B,P-Funk Pocket,P-Funk Pocket,102,4/4,curated,4,4,97cee4f2b88f,17,17,REBUILD_DISTINCT_ARCHETYPE,USA,Battrochtek — adaptation pédagogique drum-set
263,Battrochtek Library v2,Funk / Soul / R&B,Motown Pocket,Motown Pocket,118,4/4,curated,4,4,5f4f632f09e7,59,59,REBUILD_DISTINCT_ARCHETYPE,Detroit,Battrochtek — adaptation pédagogique drum-set
264,Battrochtek Library v2,Funk / Soul / R&B,Stax / Southern Soul,Stax / Southern Soul,102,4/4,curated,4,4,5f4f632f09e7,59,59,REBUILD_DISTINCT_ARCHETYPE,Memphis,Battrochtek — adaptation pédagogique drum-set
265,Battrochtek Library v2,Funk / Soul / R&B,Philly Soul,Philly Soul,112,4/4,curated,4,4,5f4f632f09e7,59,59,REBUILD_DISTINCT_ARCHETYPE,Philadelphia,Battrochtek — adaptation pédagogique drum-set
266,Battrochtek Library v2,Funk / Soul / R&B,Boogaloo Funk,Boogaloo Funk,110,4/4,curated,4,4,97cee4f2b88f,17,17,REBUILD_DISTINCT_ARCHETYPE,USA,Battrochtek — adaptation pédagogique drum-set
267,Battrochtek Library v2,Funk / Soul / R&B,Go-Go Pocket,Go-Go Pocket,104,4/4,curated,4,4,97cee4f2b88f,17,17,REBUILD_DISTINCT_ARCHETYPE,Washington DC,Battrochtek — adaptation pédagogique drum-set
268,Battrochtek Library v2,Funk / Soul / R&B,Gospel Shout,Gospel Shout,148,4/4,curated,4,4,5f4f632f09e7,59,59,REBUILD_DISTINCT_ARCHETYPE,USA,Battrochtek — adaptation pédagogique drum-set
269,Battrochtek Library v2,Funk / Soul / R&B,Neo-Soul Pocket,Neo-Soul Pocket,82,4/4,curated,4,4,5f4f632f09e7,59,59,REBUILD_DISTINCT_ARCHETYPE,USA,Battrochtek — adaptation pédagogique drum-set
270,Battrochtek Library v2,Funk / Soul / R&B,Dilla Feel,Dilla Feel,86,4/4,curated,4,4,97cee4f2b88f,17,17,REBUILD_DISTINCT_ARCHETYPE,Detroit,Battrochtek — adaptation pédagogique drum-set
271,Battrochtek Library v2,Funk / Soul / R&B,Modern R&B,Modern R&B,76,4/4,curated,4,4,ff683effcfde,5,5,REBUILD_DISTINCT_ARCHETYPE,USA,Battrochtek — adaptation pédagogique drum-set
272,Battrochtek Library v2,Funk / Soul / R&B,Linear Funk,Linear Funk,104,4/4,curated,4,4,d3c34c99f8c9,2,2,REBUILD_DISTINCT_ARCHETYPE,USA,Battrochtek — adaptation pédagogique drum-set
273,Battrochtek Library v2,Funk / Soul / R&B,Ghost Note Funk,Ghost Note Funk,100,4/4,curated,4,4,8ddd45055594,2,2,REBUILD_DISTINCT_ARCHETYPE,USA,Battrochtek — adaptation pédagogique drum-set
274,Battrochtek Library v2,Jazz / Brushes & Modern,Slow Swing Brushes,Slow Swing Brushes,72,4/4,curated,4,4,5f4f632f09e7,59,59,REBUILD_DISTINCT_ARCHETYPE,USA,Battrochtek — adaptation pédagogique drum-set
275,Battrochtek Library v2,Jazz / Brushes & Modern,Medium Swing Brushes,Medium Swing Brushes,124,4/4,curated,4,4,5f4f632f09e7,59,59,REBUILD_DISTINCT_ARCHETYPE,USA,Battrochtek — adaptation pédagogique drum-set
276,Battrochtek Library v2,Jazz / Brushes & Modern,Two-Feel Swing,Two-Feel Swing,132,4/4,curated,4,4,5f4f632f09e7,59,59,REBUILD_DISTINCT_ARCHETYPE,USA,Battrochtek — adaptation pédagogique drum-set
277,Battrochtek Library v2,Jazz / Brushes & Modern,Broken Swing,Broken Swing,138,4/4,curated,4,4,5f4f632f09e7,59,59,REBUILD_DISTINCT_ARCHETYPE,USA,Battrochtek — adaptation pédagogique drum-set
278,Battrochtek Library v2,Jazz / Brushes & Modern,ECM Straight 8ths,ECM Straight 8ths,98,4/4,curated,4,4,5f4f632f09e7,59,59,REBUILD_DISTINCT_ARCHETYPE,Europe,Battrochtek — adaptation pédagogique drum-set
279,Battrochtek Library v2,Jazz / Brushes & Modern,Modern Jazz 7/8,Modern Jazz 7/8,126,7/8,curated,4,4,88bcb562d270,3,3,REBUILD_DISTINCT_ARCHETYPE,USA,Battrochtek — adaptation pédagogique drum-set
280,Battrochtek Library v2,Blues / Shuffle,Chicago Shuffle,Chicago Shuffle,112,4/4,curated,4,4,9c86f425b069,6,6,REBUILD_DISTINCT_ARCHETYPE,Chicago,Battrochtek — adaptation pédagogique drum-set
281,Battrochtek Library v2,Blues / Shuffle,Texas Shuffle,Texas Shuffle,126,4/4,curated,4,4,9c86f425b069,6,6,REBUILD_DISTINCT_ARCHETYPE,Texas,Battrochtek — adaptation pédagogique drum-set
282,Battrochtek Library v2,Blues / Shuffle,Train Shuffle,Train Shuffle,116,4/4,curated,4,4,9c86f425b069,6,6,REBUILD_DISTINCT_ARCHETYPE,USA,Battrochtek — adaptation pédagogique drum-set
283,Battrochtek Library v2,Blues / Shuffle,Half-Time Shuffle,Half-Time Shuffle,96,4/4,curated,4,4,af9d2a50eefc,1,1,REBUILD_VALIDATE,USA,Battrochtek — adaptation pédagogique drum-set
284,Battrochtek Library v2,Blues / Shuffle,Slow 12/8 Blues,Slow 12/8 Blues,66,12/8,curated,4,4,9354978706d3,2,2,REBUILD_DISTINCT_ARCHETYPE,USA,Battrochtek — adaptation pédagogique drum-set
285,Battrochtek Library v2,Reggae / Ska,Nyabinghi Drum-Set,Nyabinghi Drum-Set,84,4/4,curated,4,4,5f4f632f09e7,59,59,REBUILD_DISTINCT_ARCHETYPE,Jamaica,Battrochtek — adaptation pédagogique drum-set
286,Battrochtek Library v2,Reggae / Ska,Digital Dancehall,Digital Dancehall,96,4/4,curated,4,4,5f4f632f09e7,59,59,REBUILD_DISTINCT_ARCHETYPE,Jamaica,Battrochtek — adaptation pédagogique drum-set
287,Battrochtek Library v2,Reggae / Ska,Modern Dancehall,Modern Dancehall,102,4/4,curated,4,4,5f4f632f09e7,59,59,REBUILD_DISTINCT_ARCHETYPE,Jamaica,Battrochtek — adaptation pédagogique drum-set
288,Battrochtek Library v2,Hip-Hop,Old School Breakbeat,Old School Breakbeat,104,4/4,curated,4,4,97cee4f2b88f,17,17,REBUILD_DISTINCT_ARCHETYPE,USA,Battrochtek — adaptation pédagogique drum-set
289,Battrochtek Library v2,Hip-Hop,Boom Bap Pocket,Boom Bap Pocket,92,4/4,curated,4,4,5f4f632f09e7,59,59,REBUILD_DISTINCT_ARCHETYPE,New York,Battrochtek — adaptation pédagogique drum-set
290,Battrochtek Library v2,Hip-Hop,G-Funk Laid-Back,G-Funk Laid-Back,94,4/4,curated,4,4,5f4f632f09e7,59,59,REBUILD_DISTINCT_ARCHETYPE,Los Angeles,Battrochtek — adaptation pédagogique drum-set
291,Battrochtek Library v2,Hip-Hop,Dilla Drunk Beat,Dilla Drunk Beat,84,4/4,curated,4,4,97cee4f2b88f,17,17,REBUILD_DISTINCT_ARCHETYPE,Detroit,Battrochtek — adaptation pédagogique drum-set
292,Battrochtek Library v2,Hip-Hop,Lo-Fi Pocket,Lo-Fi Pocket,78,4/4,curated,4,4,5f4f632f09e7,59,59,REBUILD_DISTINCT_ARCHETYPE,USA,Battrochtek — adaptation pédagogique drum-set
293,Battrochtek Library v2,Hip-Hop,Trap Half-Time,Trap Half-Time,140,4/4,curated,4,4,ff683effcfde,5,5,REBUILD_DISTINCT_ARCHETYPE,USA,Battrochtek — adaptation pédagogique drum-set
294,Battrochtek Library v2,Hip-Hop,Drill,Drill,142,4/4,curated,4,4,ff683effcfde,5,5,REBUILD_DISTINCT_ARCHETYPE,Chicago/UK,Battrochtek — adaptation pédagogique drum-set
295,Battrochtek Library v2,Hip-Hop,Funky President-style Break,Funky President-style Break,102,4/4,curated,4,4,97cee4f2b88f,17,17,REBUILD_DISTINCT_ARCHETYPE,USA,Battrochtek — adaptation pédagogique drum-set
296,Battrochtek Library v2,Country / Americana,Train Beat,Train Beat,112,4/4,curated,4,4,96c6c88a553e,4,4,REBUILD_DISTINCT_ARCHETYPE,USA,Battrochtek — adaptation pédagogique drum-set
297,Battrochtek Library v2,Country / Americana,Two-Step,Two-Step,132,4/4,curated,4,4,96c6c88a553e,4,4,REBUILD_DISTINCT_ARCHETYPE,USA,Battrochtek — adaptation pédagogique drum-set
298,Battrochtek Library v2,Country / Americana,Country Shuffle,Country Shuffle,116,4/4,curated,4,4,9c86f425b069,6,6,REBUILD_DISTINCT_ARCHETYPE,USA,Battrochtek — adaptation pédagogique drum-set
299,Battrochtek Library v2,Country / Americana,Country Waltz,Country Waltz,92,3/4,curated,4,4,2a069c2bc916,1,1,REBUILD_VALIDATE,USA,Battrochtek — adaptation pédagogique drum-set
300,Battrochtek Library v2,Country / Americana,Bluegrass Drum-Set,Bluegrass Drum-Set,148,4/4,curated,4,4,96c6c88a553e,4,4,REBUILD_DISTINCT_ARCHETYPE,USA,Battrochtek — adaptation pédagogique drum-set
301,Battrochtek Library v2,Country / Americana,Nashville Straight,Nashville Straight,118,4/4,curated,4,4,5f4f632f09e7,59,59,REBUILD_DISTINCT_ARCHETYPE,USA,Battrochtek — adaptation pédagogique drum-set
302,Battrochtek Library v2,Country / Americana,Country Rock,Country Rock,110,4/4,curated,4,4,5f4f632f09e7,59,59,REBUILD_DISTINCT_ARCHETYPE,USA,Battrochtek — adaptation pédagogique drum-set
303,Battrochtek Library v2,Country / Americana,Brushes Country,Brushes Country,94,4/4,curated,4,4,5f4f632f09e7,59,59,REBUILD_DISTINCT_ARCHETYPE,USA,Battrochtek — adaptation pédagogique drum-set
304,Battrochtek Library v2,Country / Americana,Honky Tonk,Honky Tonk,124,4/4,curated,4,4,96c6c88a553e,4,4,REBUILD_DISTINCT_ARCHETYPE,USA,Battrochtek — adaptation pédagogique drum-set
305,Battrochtek Library v2,Electronic / Dance,Italo Disco,Italo Disco,118,4/4,curated,4,4,80e5da64bcf4,7,7,REBUILD_DISTINCT_ARCHETYPE,Italy,Battrochtek — adaptation pédagogique drum-set
306,Battrochtek Library v2,Electronic / Dance,Deep House,Deep House,122,4/4,curated,4,4,80e5da64bcf4,7,7,REBUILD_DISTINCT_ARCHETYPE,USA/Europe,Battrochtek — adaptation pédagogique drum-set
307,Battrochtek Library v2,Electronic / Dance,Funky House,Funky House,124,4/4,curated,4,4,80e5da64bcf4,7,7,REBUILD_DISTINCT_ARCHETYPE,USA/Europe,Battrochtek — adaptation pédagogique drum-set
308,Battrochtek Library v2,Electronic / Dance,Techno,Techno,132,4/4,curated,4,4,80e5da64bcf4,7,7,REBUILD_DISTINCT_ARCHETYPE,Detroit/Europe,Battrochtek — adaptation pédagogique drum-set
309,Battrochtek Library v2,Electronic / Dance,Electro,Electro,126,4/4,curated,4,4,5f4f632f09e7,59,59,REBUILD_DISTINCT_ARCHETYPE,USA,Battrochtek — adaptation pédagogique drum-set
310,Battrochtek Library v2,Electronic / Dance,Electro-Funk,Electro-Funk,112,4/4,curated,4,4,5f4f632f09e7,59,59,REBUILD_DISTINCT_ARCHETYPE,USA,Battrochtek — adaptation pédagogique drum-set
311,Battrochtek Library v2,Electronic / Dance,UK Garage / 2-Step,UK Garage / 2-Step,132,4/4,curated,4,4,5f4f632f09e7,59,59,REBUILD_DISTINCT_ARCHETYPE,UK,Battrochtek — adaptation pédagogique drum-set
312,Battrochtek Library v2,Electronic / Dance,Drum & Bass,Drum & Bass,174,4/4,curated,4,4,97cee4f2b88f,17,17,REBUILD_DISTINCT_ARCHETYPE,UK,Battrochtek — adaptation pédagogique drum-set
313,Battrochtek Library v2,Electronic / Dance,Jungle,Jungle,168,4/4,curated,4,4,97cee4f2b88f,17,17,REBUILD_DISTINCT_ARCHETYPE,UK,Battrochtek — adaptation pédagogique drum-set
314,Battrochtek Library v2,Electronic / Dance,Trip-Hop,Trip-Hop,84,4/4,curated,4,4,5f4f632f09e7,59,59,REBUILD_DISTINCT_ARCHETYPE,UK,Battrochtek — adaptation pédagogique drum-set
315,Battrochtek Library v2,Electronic / Dance,Synthwave,Synthwave,104,4/4,curated,4,4,80e5da64bcf4,7,7,REBUILD_DISTINCT_ARCHETYPE,Global,Battrochtek — adaptation pédagogique drum-set
316,Battrochtek Library v2,Electronic / Dance,New Wave,New Wave,126,4/4,curated,4,4,5f4f632f09e7,59,59,REBUILD_DISTINCT_ARCHETYPE,UK/USA,Battrochtek — adaptation pédagogique drum-set
317,Battrochtek Library v2,Concepts,Straight 8ths,Straight 8ths,100,4/4,curated,4,4,5f4f632f09e7,59,59,MOVE_FOUNDATIONS_REBUILD,Pedagogy,Battrochtek — adaptation pédagogique drum-set
318,Battrochtek Library v2,Concepts,Straight 16ths,Straight 16ths,100,4/4,curated,4,4,5f4f632f09e7,59,59,MOVE_FOUNDATIONS_REBUILD,Pedagogy,Battrochtek — adaptation pédagogique drum-set
319,Battrochtek Library v2,Concepts,Shuffle 8ths,Shuffle 8ths,100,4/4,curated,4,4,9c86f425b069,6,6,MOVE_FOUNDATIONS_REBUILD,Pedagogy,Battrochtek — adaptation pédagogique drum-set
320,Battrochtek Library v2,Concepts,Shuffle 16ths,Shuffle 16ths,100,4/4,curated,4,4,9c86f425b069,6,6,MOVE_FOUNDATIONS_REBUILD,Pedagogy,Battrochtek — adaptation pédagogique drum-set
321,Battrochtek Library v2,Concepts,Half-Time,Half-Time,90,4/4,curated,4,4,ff683effcfde,5,5,MOVE_FOUNDATIONS_REBUILD,Pedagogy,Battrochtek — adaptation pédagogique drum-set
322,Battrochtek Library v2,Concepts,Double-Time,Double-Time,120,4/4,curated,4,4,5f4f632f09e7,59,59,MOVE_FOUNDATIONS_REBUILD,Pedagogy,Battrochtek — adaptation pédagogique drum-set
323,Battrochtek Library v2,Concepts,Four-on-the-floor,Four-on-the-floor,120,4/4,curated,4,4,80e5da64bcf4,7,7,MOVE_FOUNDATIONS_REBUILD,Pedagogy,Battrochtek — adaptation pédagogique drum-set
324,Battrochtek Library v2,Concepts,Linear,Linear,100,4/4,curated,4,4,d3c34c99f8c9,2,2,MOVE_FOUNDATIONS_REBUILD,Pedagogy,Battrochtek — adaptation pédagogique drum-set
325,Battrochtek Library v2,Concepts,Broken 16ths,Broken 16ths,96,4/4,curated,4,4,5f4f632f09e7,59,59,MOVE_FOUNDATIONS_REBUILD,Pedagogy,Battrochtek — adaptation pédagogique drum-set
326,Battrochtek Library v2,Concepts,Displaced Backbeat,Displaced Backbeat,96,4/4,curated,4,4,5f4f632f09e7,59,59,MOVE_FOUNDATIONS_REBUILD,Pedagogy,Battrochtek — adaptation pédagogique drum-set
327,Battrochtek Library v2,Concepts,Ghost Note Pocket,Ghost Note Pocket,96,4/4,curated,4,4,8ddd45055594,2,2,MOVE_FOUNDATIONS_REBUILD,Pedagogy,Battrochtek — adaptation pédagogique drum-set
328,Battrochtek Library v2,Concepts,3-over-4,3-over-4,96,4/4,curated,4,4,5f4f632f09e7,59,59,MOVE_FOUNDATIONS_REBUILD,Pedagogy,Battrochtek — adaptation pédagogique drum-set
329,Battrochtek Library v2,Concepts,5/4 Foundation,5/4 Foundation,108,5/4,curated,4,4,0264caaca5e1,1,1,MOVE_FOUNDATIONS_REBUILD,Pedagogy,Battrochtek — adaptation pédagogique drum-set
330,Battrochtek Library v2,Concepts,7/4 Foundation,7/4 Foundation,108,7/4,curated,4,4,b4975bf39c2c,1,1,MOVE_FOUNDATIONS_REBUILD,Pedagogy,Battrochtek — adaptation pédagogique drum-set
331,Battrochtek Library v2,Concepts,7/8 Foundation,7/8 Foundation,116,7/8,curated,4,4,88bcb562d270,3,3,MOVE_FOUNDATIONS_REBUILD,Pedagogy,Battrochtek — adaptation pédagogique drum-set
332,Battrochtek Library v2,Concepts,9/8 Foundation,9/8 Foundation,116,9/8,curated,4,4,2fefe897ebdb,2,2,MOVE_FOUNDATIONS_REBUILD,Pedagogy,Battrochtek — adaptation pédagogique drum-set
333,Drum Machine Patterns,Afro Cuban,Afro Cuban,Afro Cuban1Break,120,4/4,drum-machine,1,1,2e8eca208a93,1,1,SOURCE_POOL_MACHINE_VERIFY_PROVENANCE,Afro Cuban/Afro_Cuban1Break.mid,
334,Drum Machine Patterns,Afro Cuban,Afro Cuban,Afro Cuban1MeasureA,120,4/4,drum-machine,1,1,b3827123aa08,1,1,SOURCE_POOL_MACHINE_VERIFY_PROVENANCE,Afro Cuban/Afro_Cuban1MeasureA.mid,
335,Drum Machine Patterns,Afro Cuban,Afro Cuban,Afro Cuban1MeasureB,120,4/4,drum-machine,1,1,e6e294ec4476,2,2,SOURCE_POOL_MACHINE_VERIFY_PROVENANCE,Afro Cuban/Afro_Cuban1MeasureB.mid,
336,Drum Machine Patterns,Afro Cuban,Afro Cuban,Afro Cuban2Break,120,4/4,drum-machine,1,1,7a9f824a4d30,1,1,SOURCE_POOL_MACHINE_VERIFY_PROVENANCE,Afro Cuban/Afro_Cuban2Break.mid,
337,Drum Machine Patterns,Afro Cuban,Afro Cuban,Afro Cuban2MeasureA,120,4/4,drum-machine,1,1,cb74facb4869,1,1,SOURCE_POOL_MACHINE_VERIFY_PROVENANCE,Afro Cuban/Afro_Cuban2MeasureA.mid,
338,Drum Machine Patterns,Afro Cuban,Afro Cuban,Afro Cuban2MeasureB,120,4/4,drum-machine,1,1,1e2888b9f394,1,1,SOURCE_POOL_MACHINE_VERIFY_PROVENANCE,Afro Cuban/Afro_Cuban2MeasureB.mid,
339,Drum Machine Patterns,Afro Cuban,Afro Cuban,Afro Cuban3Break,120,4/4,drum-machine,1,1,7da6d9af4d3f,1,1,SOURCE_POOL_MACHINE_VERIFY_PROVENANCE,Afro Cuban/Afro_Cuban3Break.mid,
340,Drum Machine Patterns,Afro Cuban,Afro Cuban,Afro Cuban3MeasureA,120,4/4,drum-machine,1,1,d240dde2d171,1,1,SOURCE_POOL_MACHINE_VERIFY_PROVENANCE,Afro Cuban/Afro_Cuban3MeasureA.mid,
341,Drum Machine Patterns,Afro Cuban,Afro Cuban,Afro Cuban3MeasureB,120,4/4,drum-machine,1,1,1c3454233213,1,1,SOURCE_POOL_MACHINE_VERIFY_PROVENANCE,Afro Cuban/Afro_Cuban3MeasureB.mid,
342,Drum Machine Patterns,Afro Cuban,Afro Cuban,Afro Cuban4Break,120,4/4,drum-machine,1,1,02479b4447a9,1,1,SOURCE_POOL_MACHINE_VERIFY_PROVENANCE,Afro Cuban/Afro_Cuban4Break.mid,
343,Drum Machine Patterns,Afro Cuban,Afro Cuban,Afro Cuban4MeasureA,120,4/4,drum-machine,1,1,e6e294ec4476,2,2,SOURCE_POOL_MACHINE_VERIFY_PROVENANCE,Afro Cuban/Afro_Cuban4MeasureA.mid,
344,Drum Machine Patterns,Afro Cuban,Afro Cuban,Afro Cuban4MeasureB,120,4/4,drum-machine,1,1,7920da573e94,1,1,SOURCE_POOL_MACHINE_VERIFY_PROVENANCE,Afro Cuban/Afro_Cuban4MeasureB.mid,
345,Drum Machine Patterns,Afro Cuban,Afro Cuban,Afro Cuban5Break,120,4/4,drum-machine,1,1,96cb87e07552,1,1,SOURCE_POOL_MACHINE_VERIFY_PROVENANCE,Afro Cuban/Afro_Cuban5Break.mid,
346,Drum Machine Patterns,Afro Cuban,Afro Cuban,Afro Cuban5MeasureA,120,4/4,drum-machine,1,1,e1ed27aff2c5,1,1,SOURCE_POOL_MACHINE_VERIFY_PROVENANCE,Afro Cuban/Afro_Cuban5MeasureA.mid,
347,Drum Machine Patterns,Afro Cuban,Afro Cuban,Afro Cuban5MeasureB,120,4/4,drum-machine,1,1,bd0f87780c60,1,1,SOURCE_POOL_MACHINE_VERIFY_PROVENANCE,Afro Cuban/Afro_Cuban5MeasureB.mid,
348,Drum Machine Patterns,Afro Cuban,Afro Cuban,AfroCub1,120,4/4,drum-machine,1,1,51a0e796879b,1,1,SOURCE_POOL_MACHINE_VERIFY_PROVENANCE,Afro Cuban/AfroCub1.mid,
349,Drum Machine Patterns,Afro Cuban,Afro Cuban,AfroCub2,120,4/4,drum-machine,1,1,bf02f76adf33,1,1,SOURCE_POOL_MACHINE_VERIFY_PROVENANCE,Afro Cuban/AfroCub2.mid,
350,Drum Machine Patterns,Afro Cuban,Afro Cuban,AfroCub3,120,4/4,drum-machine,1,1,9a91eb5a4bc1,1,1,SOURCE_POOL_MACHINE_VERIFY_PROVENANCE,Afro Cuban/AfroCub3.mid,
351,Drum Machine Patterns,Afro Cuban,Afro Cuban,AfroCub4,120,4/4,drum-machine,1,1,d212a28e29de,1,1,SOURCE_POOL_MACHINE_VERIFY_PROVENANCE,Afro Cuban/AfroCub4.mid,
352,Drum Machine Patterns,Afro Cuban,Afro Cuban,AfroCub5,120,4/4,drum-machine,1,1,11d264e458b3,1,1,SOURCE_POOL_MACHINE_VERIFY_PROVENANCE,Afro Cuban/AfroCub5.mid,
353,Drum Machine Patterns,Afro Cuban,Afro Cuban,AfroCub6,120,4/4,drum-machine,1,1,79a9fadd7642,1,1,SOURCE_POOL_MACHINE_VERIFY_PROVENANCE,Afro Cuban/AfroCub6.mid,
354,Drum Machine Patterns,Afro Cuban,Afro Cuban,AfroCub7,120,4/4,drum-machine,1,1,a2fce47b1c10,1,1,SOURCE_POOL_MACHINE_VERIFY_PROVENANCE,Afro Cuban/AfroCub7.mid,
355,Drum Machine Patterns,Afro Cuban,Afro Cuban,AfroCub8,120,4/4,drum-machine,1,1,ea82eeace8ed,1,1,SOURCE_POOL_MACHINE_VERIFY_PROVENANCE,Afro Cuban/AfroCub8.mid,
356,Drum Machine Patterns,Afro Cuban,Afro Cuban,AfroCub9,120,4/4,drum-machine,1,1,c0b41d17808a,1,1,SOURCE_POOL_MACHINE_VERIFY_PROVENANCE,Afro Cuban/AfroCub9.mid,
357,Drum Machine Patterns,Afro Cuban,Afro Cuban,AfroCubBreak1,120,4/4,drum-machine,1,1,ff4a7287302e,1,1,SOURCE_POOL_MACHINE_VERIFY_PROVENANCE,Afro Cuban/AfroCubBreak1.mid,
358,Drum Machine Patterns,Afro Cuban,Afro Cuban,AfroCubBreak2,120,4/4,drum-machine,1,1,e4cc494599af,1,1,SOURCE_POOL_MACHINE_VERIFY_PROVENANCE,Afro Cuban/AfroCubBreak2.mid,
359,Drum Machine Patterns,Afro Cuban,Afro Cuban,AfroCubBreak3,120,4/4,drum-machine,1,1,04e5cadc0f15,1,1,SOURCE_POOL_MACHINE_VERIFY_PROVENANCE,Afro Cuban/AfroCubBreak3.mid,
360,Drum Machine Patterns,Afro Cuban,Afro Cuban,AfroCubBreak4,120,4/4,drum-machine,1,1,8764972ab990,1,1,SOURCE_POOL_MACHINE_VERIFY_PROVENANCE,Afro Cuban/AfroCubBreak4.mid,
361,Drum Machine Patterns,Afro Cuban,Afro Cuban,AfroCubBreak5,120,4/4,drum-machine,1,1,535bf4f32d39,1,1,SOURCE_POOL_MACHINE_VERIFY_PROVENANCE,Afro Cuban/AfroCubBreak5.mid,
362,Drum Machine Patterns,Afro Cuban,Afro Cuban,AfroCubBreak6,120,4/4,drum-machine,1,1,e400aee970d2,1,1,SOURCE_POOL_MACHINE_VERIFY_PROVENANCE,Afro Cuban/AfroCubBreak6.mid,
363,Drum Machine Patterns,Ballad,Ballad,Ballad1Break,120,4/4,drum-machine,1,1,b0ff9ba9c73e,1,1,SOURCE_POOL_MACHINE_VERIFY_PROVENANCE,Ballad/Ballad1Break.mid,
364,Drum Machine Patterns,Ballad,Ballad,Ballad1MeasureA,120,4/4,drum-machine,1,1,a0169fbddcca,1,1,SOURCE_POOL_MACHINE_VERIFY_PROVENANCE,Ballad/Ballad1MeasureA.mid,
365,Drum Machine Patterns,Ballad,Ballad,Ballad1MeasureB,120,4/4,drum-machine,1,1,07ef74b753a7,1,1,SOURCE_POOL_MACHINE_VERIFY_PROVENANCE,Ballad/Ballad1MeasureB.mid,
366,Drum Machine Patterns,Ballad,Ballad,Ballad2Break,120,4/4,drum-machine,1,1,87f0433da4d0,1,1,SOURCE_POOL_MACHINE_VERIFY_PROVENANCE,Ballad/Ballad2Break.mid,
367,Drum Machine Patterns,Ballad,Ballad,Ballad2MeasureA,120,4/4,drum-machine,1,1,038c3f095731,1,1,SOURCE_POOL_MACHINE_VERIFY_PROVENANCE,Ballad/Ballad2MeasureA.mid,
368,Drum Machine Patterns,Ballad,Ballad,Ballad2MeasureB,120,4/4,drum-machine,1,1,e99abd804953,1,1,SOURCE_POOL_MACHINE_VERIFY_PROVENANCE,Ballad/Ballad2MeasureB.mid,
369,Drum Machine Patterns,Ballad,Ballad,Ballad3Break,120,4/4,drum-machine,1,1,3ab9bb15b961,1,1,SOURCE_POOL_MACHINE_VERIFY_PROVENANCE,Ballad/Ballad3Break.mid,
370,Drum Machine Patterns,Ballad,Ballad,Ballad3MeasureA,120,4/4,drum-machine,1,1,5c38e8b9b01a,1,1,SOURCE_POOL_MACHINE_VERIFY_PROVENANCE,Ballad/Ballad3MeasureA.mid,
371,Drum Machine Patterns,Ballad,Ballad,Ballad3MeasureB,120,4/4,drum-machine,1,1,1e4d7d12c27d,1,1,SOURCE_POOL_MACHINE_VERIFY_PROVENANCE,Ballad/Ballad3MeasureB.mid,
372,Drum Machine Patterns,Ballad,Ballad,Ballad4Break,120,4/4,drum-machine,1,1,a6a15dcd93f0,1,1,SOURCE_POOL_MACHINE_VERIFY_PROVENANCE,Ballad/Ballad4Break.mid,
373,Drum Machine Patterns,Ballad,Ballad,Ballad4MeasureA,120,4/4,drum-machine,1,1,cc84af89e58d,1,1,SOURCE_POOL_MACHINE_VERIFY_PROVENANCE,Ballad/Ballad4MeasureA.mid,
374,Drum Machine Patterns,Ballad,Ballad,Ballad4MeasureB,120,4/4,drum-machine,1,1,b5cc45fa18cc,1,1,SOURCE_POOL_MACHINE_VERIFY_PROVENANCE,Ballad/Ballad4MeasureB.mid,
375,Drum Machine Patterns,Ballad,Ballad,Ballad5Break,120,4/4,drum-machine,1,1,f7330023a097,1,1,SOURCE_POOL_MACHINE_VERIFY_PROVENANCE,Ballad/Ballad5Break.mid,
376,Drum Machine Patterns,Ballad,Ballad,Ballad5MeasureA,120,4/4,drum-machine,1,1,e06960503922,1,1,SOURCE_POOL_MACHINE_VERIFY_PROVENANCE,Ballad/Ballad5MeasureA.mid,
377,Drum Machine Patterns,Ballad,Ballad,Ballad5MeasureB,120,4/4,drum-machine,1,1,acbd29885d2e,1,1,SOURCE_POOL_MACHINE_VERIFY_PROVENANCE,Ballad/Ballad5MeasureB.mid,
378,Drum Machine Patterns,Blues,Blues,Blues1,120,12/8,drum-machine,1,1,d2bd31e7e718,1,1,SOURCE_POOL_MACHINE_VERIFY_PROVENANCE,Blues/Blues1.mid,
379,Drum Machine Patterns,Blues,Blues,Blues1Break,120,12/8,drum-machine,1,1,32151eb6d99c,1,1,SOURCE_POOL_MACHINE_VERIFY_PROVENANCE,Blues/Blues1Break.mid,
380,Drum Machine Patterns,Blues,Blues,Blues1MeasureA,120,12/8,drum-machine,1,1,7531502b5233,1,1,SOURCE_POOL_MACHINE_VERIFY_PROVENANCE,Blues/Blues1MeasureA.mid,
381,Drum Machine Patterns,Blues,Blues,Blues1MeasureB,120,12/8,drum-machine,1,1,dc945c8ac7a8,1,1,SOURCE_POOL_MACHINE_VERIFY_PROVENANCE,Blues/Blues1MeasureB.mid,
382,Drum Machine Patterns,Blues,Blues,Blues2,120,12/8,drum-machine,1,1,0cd254b9357b,1,1,SOURCE_POOL_MACHINE_VERIFY_PROVENANCE,Blues/Blues2.mid,
383,Drum Machine Patterns,Blues,Blues,Blues2Break,120,12/8,drum-machine,1,1,1fc6542546f8,1,1,SOURCE_POOL_MACHINE_VERIFY_PROVENANCE,Blues/Blues2Break.mid,
384,Drum Machine Patterns,Blues,Blues,Blues2MeasureA,120,12/8,drum-machine,1,1,6604616a1a8c,1,1,SOURCE_POOL_MACHINE_VERIFY_PROVENANCE,Blues/Blues2MeasureA.mid,
385,Drum Machine Patterns,Blues,Blues,Blues2MeasureB,120,12/8,drum-machine,1,1,d880ddc27e8f,1,1,SOURCE_POOL_MACHINE_VERIFY_PROVENANCE,Blues/Blues2MeasureB.mid,
386,Drum Machine Patterns,Blues,Blues,Blues3,120,12/8,drum-machine,1,1,fc3edb27ed55,1,1,SOURCE_POOL_MACHINE_VERIFY_PROVENANCE,Blues/Blues3.mid,
387,Drum Machine Patterns,Blues,Blues,Blues4,120,12/8,drum-machine,1,1,4a764ceb5eea,1,1,SOURCE_POOL_MACHINE_VERIFY_PROVENANCE,Blues/Blues4.mid,
388,Drum Machine Patterns,Blues,Blues,Blues5,120,12/8,drum-machine,1,1,8f057dcdfd24,1,1,SOURCE_POOL_MACHINE_VERIFY_PROVENANCE,Blues/Blues5.mid,
389,Drum Machine Patterns,Blues,Blues,Blues6,120,12/8,drum-machine,1,1,89ec966919a9,1,1,SOURCE_POOL_MACHINE_VERIFY_PROVENANCE,Blues/Blues6.mid,
390,Drum Machine Patterns,Blues,Blues,BluesBreak1,120,12/8,drum-machine,1,1,694aa09c191d,1,1,SOURCE_POOL_MACHINE_VERIFY_PROVENANCE,Blues/BluesBreak1.mid,
391,Drum Machine Patterns,Blues,Blues,BluesBreak2,120,12/8,drum-machine,1,1,5743bcb6e814,1,1,SOURCE_POOL_MACHINE_VERIFY_PROVENANCE,Blues/BluesBreak2.mid,
392,Drum Machine Patterns,Blues,Blues,BluesBreak3,120,12/8,drum-machine,1,1,a2882d6ba752,1,1,SOURCE_POOL_MACHINE_VERIFY_PROVENANCE,Blues/BluesBreak3.mid,
393,Drum Machine Patterns,Boogie,Boogie,Boogie1,120,4/4,drum-machine,1,1,4479f1f23cbb,1,1,SOURCE_POOL_MACHINE_VERIFY_PROVENANCE,Boogie/Boogie1.mid,
394,Drum Machine Patterns,Boogie,Boogie,Boogie2,120,4/4,drum-machine,1,1,c77261cd4634,1,1,SOURCE_POOL_MACHINE_VERIFY_PROVENANCE,Boogie/Boogie2.mid,
395,Drum Machine Patterns,Boogie,Boogie,Boogie3,120,4/4,drum-machine,1,1,cc6b6b97edfa,1,1,SOURCE_POOL_MACHINE_VERIFY_PROVENANCE,Boogie/Boogie3.mid,
396,Drum Machine Patterns,Boogie,Boogie,BoogieBreak1,120,4/4,drum-machine,1,1,f72e456ca1b9,1,1,SOURCE_POOL_MACHINE_VERIFY_PROVENANCE,Boogie/BoogieBreak1.mid,
397,Drum Machine Patterns,Boogie,Boogie,BoogieBreak2,120,4/4,drum-machine,1,1,32522a918e36,1,1,SOURCE_POOL_MACHINE_VERIFY_PROVENANCE,Boogie/BoogieBreak2.mid,
398,Drum Machine Patterns,Boogie,Boogie,BoogieBreak3,120,4/4,drum-machine,1,1,b91b7e4067c8,1,1,SOURCE_POOL_MACHINE_VERIFY_PROVENANCE,Boogie/BoogieBreak3.mid,
399,Drum Machine Patterns,Bossa,Bossa Nova,Bossa1,120,4/4,drum-machine,1,1,b7700cd80abe,1,1,SOURCE_POOL_MACHINE_VERIFY_PROVENANCE,Bossa/Bossa1.mid,
400,Drum Machine Patterns,Bossa,Bossa Nova,Bossa2,120,4/4,drum-machine,1,1,4a8378e9612a,1,1,SOURCE_POOL_MACHINE_VERIFY_PROVENANCE,Bossa/Bossa2.mid,
401,Drum Machine Patterns,Bossa,Bossa Nova,Bossa3,120,4/4,drum-machine,1,1,672542029338,2,2,SOURCE_POOL_MACHINE_VERIFY_PROVENANCE,Bossa/Bossa3.mid,
402,Drum Machine Patterns,Bossa,Bossa Nova,Bossa4,120,4/4,drum-machine,1,1,672542029338,2,2,SOURCE_POOL_MACHINE_VERIFY_PROVENANCE,Bossa/Bossa4.mid,
403,Drum Machine Patterns,Bossa,Bossa Nova,Bossa5,120,4/4,drum-machine,1,1,570107b95606,1,1,SOURCE_POOL_MACHINE_VERIFY_PROVENANCE,Bossa/Bossa5.mid,
404,Drum Machine Patterns,Bossa,Bossa Nova,Bossa6,120,4/4,drum-machine,1,1,844e5e19c3fd,1,1,SOURCE_POOL_MACHINE_VERIFY_PROVENANCE,Bossa/Bossa6.mid,
405,Drum Machine Patterns,Bossa,Bossa Nova,BossaBreak1,120,4/4,drum-machine,1,1,67e402b83f07,1,1,SOURCE_POOL_MACHINE_VERIFY_PROVENANCE,Bossa/BossaBreak1.mid,
406,Drum Machine Patterns,Bossa,Bossa Nova,BossaBreak2,120,4/4,drum-machine,1,1,46e9f94f2b70,1,1,SOURCE_POOL_MACHINE_VERIFY_PROVENANCE,Bossa/BossaBreak2.mid,
407,Drum Machine Patterns,Bossa,Bossa Nova,BossaBreak3,120,4/4,drum-machine,1,1,52ac6c75956d,1,1,SOURCE_POOL_MACHINE_VERIFY_PROVENANCE,Bossa/BossaBreak3.mid,
408,Drum Machine Patterns,Bossa,Bossa Nova,BossaNova1Break,120,4/4,drum-machine,1,1,6409c8fd5dc6,1,1,SOURCE_POOL_MACHINE_VERIFY_PROVENANCE,Bossa/BossaNova1Break.mid,
409,Drum Machine Patterns,Bossa,Bossa Nova,BossaNova1MeasureA,120,4/4,drum-machine,1,1,2a176df1164c,1,1,SOURCE_POOL_MACHINE_VERIFY_PROVENANCE,Bossa/BossaNova1MeasureA.mid,
410,Drum Machine Patterns,Bossa,Bossa Nova,BossaNova1MeasureB,120,4/4,drum-machine,1,1,c6f5f8317267,1,1,SOURCE_POOL_MACHINE_VERIFY_PROVENANCE,Bossa/BossaNova1MeasureB.mid,
411,Drum Machine Patterns,Bossa,Bossa Nova,BossaNova2Break,120,4/4,drum-machine,1,1,5ee625f66f62,1,1,SOURCE_POOL_MACHINE_VERIFY_PROVENANCE,Bossa/BossaNova2Break.mid,
412,Drum Machine Patterns,Bossa,Bossa Nova,BossaNova2MeasureA,120,4/4,drum-machine,1,1,dbced1a875fb,1,1,SOURCE_POOL_MACHINE_VERIFY_PROVENANCE,Bossa/BossaNova2MeasureA.mid,
413,Drum Machine Patterns,Bossa,Bossa Nova,BossaNova2MeasureB,120,4/4,drum-machine,1,1,2d61be916c68,1,1,SOURCE_POOL_MACHINE_VERIFY_PROVENANCE,Bossa/BossaNova2MeasureB.mid,
414,Drum Machine Patterns,Cha Cha,Cha Cha,Cha ChaBreak,120,4/4,drum-machine,1,1,5d1fccc1654e,1,1,SOURCE_POOL_MACHINE_VERIFY_PROVENANCE,Cha Cha/Cha_ChaBreak.mid,
415,Drum Machine Patterns,Cha Cha,Cha Cha,Cha ChaMeasureA,120,4/4,drum-machine,1,1,59e72f07ef34,1,1,SOURCE_POOL_MACHINE_VERIFY_PROVENANCE,Cha Cha/Cha_ChaMeasureA.mid,
416,Drum Machine Patterns,Cha Cha,Cha Cha,Cha ChaMeasureB,120,4/4,drum-machine,1,1,5e6150148020,1,1,SOURCE_POOL_MACHINE_VERIFY_PROVENANCE,Cha Cha/Cha_ChaMeasureB.mid,
417,Drum Machine Patterns,Cha Cha,Cha Cha,ChaCha1,120,4/4,drum-machine,1,1,4789e366dfa1,1,1,SOURCE_POOL_MACHINE_VERIFY_PROVENANCE,Cha Cha/ChaCha1.mid,
418,Drum Machine Patterns,Cha Cha,Cha Cha,ChaCha2,120,4/4,drum-machine,1,1,d30a9c2f0df0,1,1,SOURCE_POOL_MACHINE_VERIFY_PROVENANCE,Cha Cha/ChaCha2.mid,
419,Drum Machine Patterns,Cha Cha,Cha Cha,ChaCha3,120,4/4,drum-machine,1,1,0856321b8b54,1,1,SOURCE_POOL_MACHINE_VERIFY_PROVENANCE,Cha Cha/ChaCha3.mid,
420,Drum Machine Patterns,Cha Cha,Cha Cha,ChaChaBreak1,120,4/4,drum-machine,1,1,f860c68a8c0d,1,1,SOURCE_POOL_MACHINE_VERIFY_PROVENANCE,Cha Cha/ChaChaBreak1.mid,
421,Drum Machine Patterns,Cha Cha,Cha Cha,ChaChaBreak2,120,4/4,drum-machine,1,1,a5573275528b,1,1,SOURCE_POOL_MACHINE_VERIFY_PROVENANCE,Cha Cha/ChaChaBreak2.mid,
422,Drum Machine Patterns,Cha Cha,Cha Cha,ChaChaBreak3,120,4/4,drum-machine,1,1,8eea47286f01,1,1,SOURCE_POOL_MACHINE_VERIFY_PROVENANCE,Cha Cha/ChaChaBreak3.mid,
423,Drum Machine Patterns,Charleston,Charleston,Charleston1,120,4/4,drum-machine,1,1,c11817bff42c,1,1,SOURCE_POOL_MACHINE_VERIFY_PROVENANCE,Charleston/Charleston1.mid,
424,Drum Machine Patterns,Charleston,Charleston,CharlestonBreak1,120,4/4,drum-machine,1,1,6812e87c3916,1,1,SOURCE_POOL_MACHINE_VERIFY_PROVENANCE,Charleston/CharlestonBreak1.mid,
425,Drum Machine Patterns,Disco,Disco,Disco1 2,120,4/4,drum-machine,1,1,fc9e60bbe47b,2,2,SOURCE_POOL_MACHINE_VERIFY_PROVENANCE,Disco/Disco1_2.mid,
426,Drum Machine Patterns,Disco,Disco,Disco1,120,4/4,drum-machine,1,1,538b6a785843,1,1,SOURCE_POOL_MACHINE_VERIFY_PROVENANCE,Disco/Disco1.mid,
427,Drum Machine Patterns,Disco,Disco,Disco1Break,120,4/4,drum-machine,1,1,5f81e41b7b2d,1,1,SOURCE_POOL_MACHINE_VERIFY_PROVENANCE,Disco/Disco1Break.mid,
428,Drum Machine Patterns,Disco,Disco,Disco1MeasureA,120,4/4,drum-machine,1,1,79e9c5d71801,1,1,SOURCE_POOL_MACHINE_VERIFY_PROVENANCE,Disco/Disco1MeasureA.mid,
429,Drum Machine Patterns,Disco,Disco,Disco1MeasureB,120,4/4,drum-machine,1,1,382fd3c9e7b4,1,1,SOURCE_POOL_MACHINE_VERIFY_PROVENANCE,Disco/Disco1MeasureB.mid,
430,Drum Machine Patterns,Disco,Disco,Disco2,120,4/4,drum-machine,1,1,fc9e60bbe47b,2,2,SOURCE_POOL_MACHINE_VERIFY_PROVENANCE,Disco/Disco2.mid,
431,Drum Machine Patterns,Disco,Disco,Disco2Break,120,4/4,drum-machine,1,1,8ba50d205239,1,1,SOURCE_POOL_MACHINE_VERIFY_PROVENANCE,Disco/Disco2Break.mid,
432,Drum Machine Patterns,Disco,Disco,Disco2MeasureA,120,4/4,drum-machine,1,1,de45e9b5b701,1,1,SOURCE_POOL_MACHINE_VERIFY_PROVENANCE,Disco/Disco2MeasureA.mid,
433,Drum Machine Patterns,Disco,Disco,Disco2MeasureB,120,4/4,drum-machine,1,1,3819c5fef961,1,1,SOURCE_POOL_MACHINE_VERIFY_PROVENANCE,Disco/Disco2MeasureB.mid,
434,Drum Machine Patterns,Disco,Disco,Disco3,120,4/4,drum-machine,1,1,5b9ab39b09d6,1,1,SOURCE_POOL_MACHINE_VERIFY_PROVENANCE,Disco/Disco3.mid,
435,Drum Machine Patterns,Disco,Disco,Disco3Break,120,4/4,drum-machine,1,1,a4b0af6e3c73,1,1,SOURCE_POOL_MACHINE_VERIFY_PROVENANCE,Disco/Disco3Break.mid,
436,Drum Machine Patterns,Disco,Disco,Disco3MeasureA,120,4/4,drum-machine,1,1,ce01d5ed2444,1,1,SOURCE_POOL_MACHINE_VERIFY_PROVENANCE,Disco/Disco3MeasureA.mid,
437,Drum Machine Patterns,Disco,Disco,Disco3MeasureB,120,4/4,drum-machine,1,1,0cede9832cbe,1,1,SOURCE_POOL_MACHINE_VERIFY_PROVENANCE,Disco/Disco3MeasureB.mid,
438,Drum Machine Patterns,Disco,Disco,Disco4,120,4/4,drum-machine,1,1,0408b847edc4,1,1,SOURCE_POOL_MACHINE_VERIFY_PROVENANCE,Disco/Disco4.mid,
439,Drum Machine Patterns,Disco,Disco,Disco4Break,120,4/4,drum-machine,1,1,1f01fbb1fa5e,1,1,SOURCE_POOL_MACHINE_VERIFY_PROVENANCE,Disco/Disco4Break.mid,
440,Drum Machine Patterns,Disco,Disco,Disco4MeasureA,120,4/4,drum-machine,1,1,ecbb56e6dfbe,1,1,SOURCE_POOL_MACHINE_VERIFY_PROVENANCE,Disco/Disco4MeasureA.mid,
441,Drum Machine Patterns,Disco,Disco,Disco4MeasureB,120,4/4,drum-machine,1,1,0abdf78edd27,1,1,SOURCE_POOL_MACHINE_VERIFY_PROVENANCE,Disco/Disco4MeasureB.mid,
442,Drum Machine Patterns,Disco,Disco,Disco5,120,4/4,drum-machine,1,1,b8c8aa7c9180,1,1,SOURCE_POOL_MACHINE_VERIFY_PROVENANCE,Disco/Disco5.mid,
443,Drum Machine Patterns,Disco,Disco,Disco5Break,120,4/4,drum-machine,1,1,59a7a2ae01b0,1,1,SOURCE_POOL_MACHINE_VERIFY_PROVENANCE,Disco/Disco5Break.mid,
444,Drum Machine Patterns,Disco,Disco,Disco5MeasureA,120,4/4,drum-machine,1,1,ab6cab76224c,1,1,SOURCE_POOL_MACHINE_VERIFY_PROVENANCE,Disco/Disco5MeasureA.mid,
445,Drum Machine Patterns,Disco,Disco,Disco5MeasureB,120,4/4,drum-machine,1,1,5f209fb87b04,1,1,SOURCE_POOL_MACHINE_VERIFY_PROVENANCE,Disco/Disco5MeasureB.mid,
446,Drum Machine Patterns,Disco,Disco,Disco6,120,4/4,drum-machine,1,1,d2d48224f00d,1,1,SOURCE_POOL_MACHINE_VERIFY_PROVENANCE,Disco/Disco6.mid,
447,Drum Machine Patterns,Disco,Disco,Disco7,120,4/4,drum-machine,1,1,25624d380cd8,1,1,SOURCE_POOL_MACHINE_VERIFY_PROVENANCE,Disco/Disco7.mid,
448,Drum Machine Patterns,Disco,Disco,Disco8,120,4/4,drum-machine,1,1,f3ee28abcfbe,1,1,SOURCE_POOL_MACHINE_VERIFY_PROVENANCE,Disco/Disco8.mid,
449,Drum Machine Patterns,Disco,Disco,Disco9,120,4/4,drum-machine,1,1,bae264d8ab8f,1,1,SOURCE_POOL_MACHINE_VERIFY_PROVENANCE,Disco/Disco9.mid,
450,Drum Machine Patterns,Disco,Disco,Disco10,120,4/4,drum-machine,1,1,2cfa9595238d,1,1,SOURCE_POOL_MACHINE_VERIFY_PROVENANCE,Disco/Disco10.mid,
451,Drum Machine Patterns,Disco,Disco,Disco11,120,4/4,drum-machine,1,1,558126f1e704,1,1,SOURCE_POOL_MACHINE_VERIFY_PROVENANCE,Disco/Disco11.mid,
452,Drum Machine Patterns,Disco,Disco,Disco12,120,4/4,drum-machine,1,1,260115e61fa9,1,1,SOURCE_POOL_MACHINE_VERIFY_PROVENANCE,Disco/Disco12.mid,
453,Drum Machine Patterns,Disco,Disco,DiscoBreak1,120,4/4,drum-machine,1,1,16da99946390,1,1,SOURCE_POOL_MACHINE_VERIFY_PROVENANCE,Disco/DiscoBreak1.mid,
454,Drum Machine Patterns,Disco,Disco,DiscoBreak2,120,4/4,drum-machine,1,1,786e98034ffe,1,1,SOURCE_POOL_MACHINE_VERIFY_PROVENANCE,Disco/DiscoBreak2.mid,
455,Drum Machine Patterns,Disco,Disco,DiscoBreak3,120,4/4,drum-machine,1,1,44e90787ad40,1,1,SOURCE_POOL_MACHINE_VERIFY_PROVENANCE,Disco/DiscoBreak3.mid,
456,Drum Machine Patterns,Disco,Disco,DiscoBreak4,120,4/4,drum-machine,1,1,b6d1d4992c82,1,1,SOURCE_POOL_MACHINE_VERIFY_PROVENANCE,Disco/DiscoBreak4.mid,
457,Drum Machine Patterns,Disco,Disco,DiscoBreak5,120,4/4,drum-machine,1,1,e5d93d3fddb3,1,1,SOURCE_POOL_MACHINE_VERIFY_PROVENANCE,Disco/DiscoBreak5.mid,
458,Drum Machine Patterns,Disco,Disco,DiscoBreak6,120,4/4,drum-machine,1,1,166e6358e5f6,1,1,SOURCE_POOL_MACHINE_VERIFY_PROVENANCE,Disco/DiscoBreak6.mid,
459,Drum Machine Patterns,Disco,Disco,DiscoBreak7,120,4/4,drum-machine,1,1,1a929353e09e,1,1,SOURCE_POOL_MACHINE_VERIFY_PROVENANCE,Disco/DiscoBreak7.mid,
460,Drum Machine Patterns,Disco,Disco,DiscoBreak8,120,4/4,drum-machine,1,1,08aa3f2e426c,1,1,SOURCE_POOL_MACHINE_VERIFY_PROVENANCE,Disco/DiscoBreak8.mid,
461,Drum Machine Patterns,Disco,Disco,DiscoBreak9,120,4/4,drum-machine,1,1,8af9e71ced73,1,1,SOURCE_POOL_MACHINE_VERIFY_PROVENANCE,Disco/DiscoBreak9.mid,
462,Drum Machine Patterns,Endings,Endings,Ending1,120,3/4,drum-machine,1,1,768a5a9ff29d,1,1,SOURCE_POOL_MACHINE_VERIFY_PROVENANCE,Endings/Ending1.mid,
463,Drum Machine Patterns,Endings,Endings,Ending2,120,3/4,drum-machine,1,1,b711bf1113bf,1,1,SOURCE_POOL_MACHINE_VERIFY_PROVENANCE,Endings/Ending2.mid,
464,Drum Machine Patterns,Endings,Endings,Ending3,120,3/4,drum-machine,1,1,6476dfa50678,1,1,SOURCE_POOL_MACHINE_VERIFY_PROVENANCE,Endings/Ending3.mid,
465,Drum Machine Patterns,Endings,Endings,EndingsMeasureA,120,4/4,drum-machine,1,1,199699bb2ec2,1,1,SOURCE_POOL_MACHINE_VERIFY_PROVENANCE,Endings/EndingsMeasureA.mid,
466,Drum Machine Patterns,Endings,Endings,EndingsMeasureB,120,4/4,drum-machine,1,1,9edfe8d22816,1,1,SOURCE_POOL_MACHINE_VERIFY_PROVENANCE,Endings/EndingsMeasureB.mid,
467,Drum Machine Patterns,Funk,Funk,Funk1,120,4/4,drum-machine,1,1,1774d7ac3d5f,1,1,SOURCE_POOL_MACHINE_VERIFY_PROVENANCE,Funk/Funk1.mid,
468,Drum Machine Patterns,Funk,Funk,Funk1Break,120,4/4,drum-machine,1,1,8e6b6fe7bfd3,1,1,SOURCE_POOL_MACHINE_VERIFY_PROVENANCE,Funk/Funk1Break.mid,
469,Drum Machine Patterns,Funk,Funk,Funk1MeasureA,120,4/4,drum-machine,1,1,0e6d2ea659ad,1,1,SOURCE_POOL_MACHINE_VERIFY_PROVENANCE,Funk/Funk1MeasureA.mid,
470,Drum Machine Patterns,Funk,Funk,Funk1MeasureB,120,4/4,drum-machine,1,1,c9db925ff170,1,1,SOURCE_POOL_MACHINE_VERIFY_PROVENANCE,Funk/Funk1MeasureB.mid,
471,Drum Machine Patterns,Funk,Funk,Funk2,120,4/4,drum-machine,1,1,461e5f1a2848,1,1,SOURCE_POOL_MACHINE_VERIFY_PROVENANCE,Funk/Funk2.mid,
472,Drum Machine Patterns,Funk,Funk,Funk2Break,120,4/4,drum-machine,1,1,934f9f5c3874,1,1,SOURCE_POOL_MACHINE_VERIFY_PROVENANCE,Funk/Funk2Break.mid,
473,Drum Machine Patterns,Funk,Funk,Funk2MeasureA,120,4/4,drum-machine,1,1,f66d66cc8d2f,1,1,SOURCE_POOL_MACHINE_VERIFY_PROVENANCE,Funk/Funk2MeasureA.mid,
474,Drum Machine Patterns,Funk,Funk,Funk2MeasureB,120,4/4,drum-machine,1,1,ea489be09f6f,1,1,SOURCE_POOL_MACHINE_VERIFY_PROVENANCE,Funk/Funk2MeasureB.mid,
475,Drum Machine Patterns,Funk,Funk,Funk3,120,4/4,drum-machine,1,1,f43fc2edb6b2,1,1,SOURCE_POOL_MACHINE_VERIFY_PROVENANCE,Funk/Funk3.mid,
476,Drum Machine Patterns,Funk,Funk,Funk3Break,120,4/4,drum-machine,1,1,edbc7a7f17c5,1,1,SOURCE_POOL_MACHINE_VERIFY_PROVENANCE,Funk/Funk3Break.mid,
477,Drum Machine Patterns,Funk,Funk,Funk3MeasureA,120,4/4,drum-machine,1,1,6bead2b61fe8,1,1,SOURCE_POOL_MACHINE_VERIFY_PROVENANCE,Funk/Funk3MeasureA.mid,
478,Drum Machine Patterns,Funk,Funk,Funk3MeasureB,120,4/4,drum-machine,1,1,2d56c429836e,1,1,SOURCE_POOL_MACHINE_VERIFY_PROVENANCE,Funk/Funk3MeasureB.mid,
479,Drum Machine Patterns,Funk,Funk,Funk4,120,4/4,drum-machine,1,1,105f8499a46d,1,1,SOURCE_POOL_MACHINE_VERIFY_PROVENANCE,Funk/Funk4.mid,
480,Drum Machine Patterns,Funk,Funk,Funk4Break,120,4/4,drum-machine,1,1,6a8c88c413d4,1,1,SOURCE_POOL_MACHINE_VERIFY_PROVENANCE,Funk/Funk4Break.mid,
481,Drum Machine Patterns,Funk,Funk,Funk4MeasureA,120,4/4,drum-machine,1,1,6329b367b24b,1,1,SOURCE_POOL_MACHINE_VERIFY_PROVENANCE,Funk/Funk4MeasureA.mid,
482,Drum Machine Patterns,Funk,Funk,Funk4MeasureB,120,4/4,drum-machine,1,1,f8d338aed0e3,1,1,SOURCE_POOL_MACHINE_VERIFY_PROVENANCE,Funk/Funk4MeasureB.mid,
483,Drum Machine Patterns,Funk,Funk,Funk5,120,4/4,drum-machine,1,1,0546c7708380,1,1,SOURCE_POOL_MACHINE_VERIFY_PROVENANCE,Funk/Funk5.mid,
484,Drum Machine Patterns,Funk,Funk,Funk5Break,120,4/4,drum-machine,1,1,be2c96475e05,1,1,SOURCE_POOL_MACHINE_VERIFY_PROVENANCE,Funk/Funk5Break.mid,
485,Drum Machine Patterns,Funk,Funk,Funk5MeasureA,120,4/4,drum-machine,1,1,dbd5ffe4ce8f,1,1,SOURCE_POOL_MACHINE_VERIFY_PROVENANCE,Funk/Funk5MeasureA.mid,
486,Drum Machine Patterns,Funk,Funk,Funk5MeasureB,120,4/4,drum-machine,1,1,ab5dd7ca25ca,1,1,SOURCE_POOL_MACHINE_VERIFY_PROVENANCE,Funk/Funk5MeasureB.mid,
487,Drum Machine Patterns,Funk,Funk,Funk6,120,4/4,drum-machine,1,1,abb8f3402b3b,1,1,SOURCE_POOL_MACHINE_VERIFY_PROVENANCE,Funk/Funk6.mid,
488,Drum Machine Patterns,Funk,Funk,Funk6Break,120,4/4,drum-machine,1,1,fca516166cbc,1,1,SOURCE_POOL_MACHINE_VERIFY_PROVENANCE,Funk/Funk6Break.mid,
489,Drum Machine Patterns,Funk,Funk,Funk6MeasureA,120,4/4,drum-machine,1,1,633c57f189d4,1,1,SOURCE_POOL_MACHINE_VERIFY_PROVENANCE,Funk/Funk6MeasureA.mid,
490,Drum Machine Patterns,Funk,Funk,Funk6MeasureB,120,4/4,drum-machine,1,1,b5a3de0e7fae,1,1,SOURCE_POOL_MACHINE_VERIFY_PROVENANCE,Funk/Funk6MeasureB.mid,
491,Drum Machine Patterns,Funk,Funk,Funk7,120,4/4,drum-machine,1,1,de7419bfb3f3,1,1,SOURCE_POOL_MACHINE_VERIFY_PROVENANCE,Funk/Funk7.mid,
492,Drum Machine Patterns,Funk,Funk,Funk7Break,120,4/4,drum-machine,1,1,43bb95714d19,1,1,SOURCE_POOL_MACHINE_VERIFY_PROVENANCE,Funk/Funk7Break.mid,
493,Drum Machine Patterns,Funk,Funk,Funk7MeasureA,120,4/4,drum-machine,1,1,2f075a5d8d19,1,1,SOURCE_POOL_MACHINE_VERIFY_PROVENANCE,Funk/Funk7MeasureA.mid,
494,Drum Machine Patterns,Funk,Funk,Funk7MeasureB,120,4/4,drum-machine,1,1,0e01ce5a3837,1,1,SOURCE_POOL_MACHINE_VERIFY_PROVENANCE,Funk/Funk7MeasureB.mid,
495,Drum Machine Patterns,Funk,Funk,Funk8,120,4/4,drum-machine,1,1,5c2e71e4b3bf,1,1,SOURCE_POOL_MACHINE_VERIFY_PROVENANCE,Funk/Funk8.mid,
496,Drum Machine Patterns,Funk,Funk,Funk8Break,120,4/4,drum-machine,1,1,7f75ee692052,1,1,SOURCE_POOL_MACHINE_VERIFY_PROVENANCE,Funk/Funk8Break.mid,
497,Drum Machine Patterns,Funk,Funk,Funk8MeasureA,120,4/4,drum-machine,1,1,6ae279fd4c00,1,1,SOURCE_POOL_MACHINE_VERIFY_PROVENANCE,Funk/Funk8MeasureA.mid,
498,Drum Machine Patterns,Funk,Funk,Funk8MeasureB,120,4/4,drum-machine,1,1,55cc4de49fdf,1,1,SOURCE_POOL_MACHINE_VERIFY_PROVENANCE,Funk/Funk8MeasureB.mid,
499,Drum Machine Patterns,Funk,Funk,Funk9,120,4/4,drum-machine,1,1,d0bcf40142d5,1,1,SOURCE_POOL_MACHINE_VERIFY_PROVENANCE,Funk/Funk9.mid,
500,Drum Machine Patterns,Funk,Funk,Funk9Break,120,4/4,drum-machine,1,1,a5768f3a0e6a,1,1,SOURCE_POOL_MACHINE_VERIFY_PROVENANCE,Funk/Funk9Break.mid,
501,Drum Machine Patterns,Funk,Funk,Funk9MeasureA,120,4/4,drum-machine,1,1,88e7a959e251,1,1,SOURCE_POOL_MACHINE_VERIFY_PROVENANCE,Funk/Funk9MeasureA.mid,
502,Drum Machine Patterns,Funk,Funk,Funk9MeasureB,120,4/4,drum-machine,1,1,230587407582,1,1,SOURCE_POOL_MACHINE_VERIFY_PROVENANCE,Funk/Funk9MeasureB.mid,
503,Drum Machine Patterns,Funk,Funk,Funk10,120,4/4,drum-machine,1,1,390900673bc4,1,1,SOURCE_POOL_MACHINE_VERIFY_PROVENANCE,Funk/Funk10.mid,
504,Drum Machine Patterns,Funk,Funk,Funk10Break,120,4/4,drum-machine,1,1,c053cb29e5e0,1,1,SOURCE_POOL_MACHINE_VERIFY_PROVENANCE,Funk/Funk10Break.mid,
505,Drum Machine Patterns,Funk,Funk,Funk10MeasureA,120,4/4,drum-machine,1,1,12a225271df5,1,1,SOURCE_POOL_MACHINE_VERIFY_PROVENANCE,Funk/Funk10MeasureA.mid,
506,Drum Machine Patterns,Funk,Funk,Funk10MeasureB,120,4/4,drum-machine,1,1,9a3e2eb140c4,1,1,SOURCE_POOL_MACHINE_VERIFY_PROVENANCE,Funk/Funk10MeasureB.mid,
507,Drum Machine Patterns,Funk,Funk,Funk11,120,4/4,drum-machine,1,1,cc0e89300c41,1,1,SOURCE_POOL_MACHINE_VERIFY_PROVENANCE,Funk/Funk11.mid,
508,Drum Machine Patterns,Funk,Funk,Funk11Break,120,4/4,drum-machine,1,1,131abb603e71,1,1,SOURCE_POOL_MACHINE_VERIFY_PROVENANCE,Funk/Funk11Break.mid,
509,Drum Machine Patterns,Funk,Funk,Funk11MeasureA,120,4/4,drum-machine,1,1,d01b55dc4015,1,1,SOURCE_POOL_MACHINE_VERIFY_PROVENANCE,Funk/Funk11MeasureA.mid,
510,Drum Machine Patterns,Funk,Funk,Funk11MeasureB,120,4/4,drum-machine,1,1,303699fd90ff,1,1,SOURCE_POOL_MACHINE_VERIFY_PROVENANCE,Funk/Funk11MeasureB.mid,
511,Drum Machine Patterns,Funk,Funk,Funk12,120,4/4,drum-machine,1,1,993d488e71d8,1,1,SOURCE_POOL_MACHINE_VERIFY_PROVENANCE,Funk/Funk12.mid,
512,Drum Machine Patterns,Funk,Funk,Funk12Break,120,4/4,drum-machine,1,1,866921ead50d,1,1,SOURCE_POOL_MACHINE_VERIFY_PROVENANCE,Funk/Funk12Break.mid,
513,Drum Machine Patterns,Funk,Funk,Funk12MeasureA,120,4/4,drum-machine,1,1,ba3fef155340,1,1,SOURCE_POOL_MACHINE_VERIFY_PROVENANCE,Funk/Funk12MeasureA.mid,
514,Drum Machine Patterns,Funk,Funk,Funk12MeasureB,120,4/4,drum-machine,1,1,19dfbf6015e7,1,1,SOURCE_POOL_MACHINE_VERIFY_PROVENANCE,Funk/Funk12MeasureB.mid,
515,Drum Machine Patterns,Funk,Funk,Funk13,120,4/4,drum-machine,1,1,4efe5e114a43,2,2,SOURCE_POOL_MACHINE_VERIFY_PROVENANCE,Funk/Funk13.mid,
516,Drum Machine Patterns,Funk,Funk,Funk13Break,120,4/4,drum-machine,1,1,a1513eb8d357,1,1,SOURCE_POOL_MACHINE_VERIFY_PROVENANCE,Funk/Funk13Break.mid,
517,Drum Machine Patterns,Funk,Funk,Funk13MeasureA,120,4/4,drum-machine,1,1,195448cd08c1,1,1,SOURCE_POOL_MACHINE_VERIFY_PROVENANCE,Funk/Funk13MeasureA.mid,
518,Drum Machine Patterns,Funk,Funk,Funk13MeasureB,120,4/4,drum-machine,1,1,4623f35872bb,1,1,SOURCE_POOL_MACHINE_VERIFY_PROVENANCE,Funk/Funk13MeasureB.mid,
519,Drum Machine Patterns,Funk,Funk,Funk14,120,4/4,drum-machine,1,1,4efe5e114a43,2,2,SOURCE_POOL_MACHINE_VERIFY_PROVENANCE,Funk/Funk14.mid,
520,Drum Machine Patterns,Funk,Funk,Funk14Break,120,4/4,drum-machine,1,1,bc370bc2c22b,1,1,SOURCE_POOL_MACHINE_VERIFY_PROVENANCE,Funk/Funk14Break.mid,
521,Drum Machine Patterns,Funk,Funk,Funk14MeasureA,120,4/4,drum-machine,1,1,193327531f8d,2,2,SOURCE_POOL_MACHINE_VERIFY_PROVENANCE,Funk/Funk14MeasureA.mid,
522,Drum Machine Patterns,Funk,Funk,Funk14MeasureB,120,4/4,drum-machine,1,1,2f951dd6be42,1,1,SOURCE_POOL_MACHINE_VERIFY_PROVENANCE,Funk/Funk14MeasureB.mid,
523,Drum Machine Patterns,Funk,Funk,Funk15,120,4/4,drum-machine,1,1,4dec28e6945b,1,1,SOURCE_POOL_MACHINE_VERIFY_PROVENANCE,Funk/Funk15.mid,
524,Drum Machine Patterns,Funk,Funk,Funk15Break,120,4/4,drum-machine,1,1,861fb33eb6c5,1,1,SOURCE_POOL_MACHINE_VERIFY_PROVENANCE,Funk/Funk15Break.mid,
525,Drum Machine Patterns,Funk,Funk,Funk15MeasureA,120,4/4,drum-machine,1,1,f512f61de391,1,1,SOURCE_POOL_MACHINE_VERIFY_PROVENANCE,Funk/Funk15MeasureA.mid,
526,Drum Machine Patterns,Funk,Funk,Funk15MeasureB,120,4/4,drum-machine,1,1,4b10a2fd0b0b,1,1,SOURCE_POOL_MACHINE_VERIFY_PROVENANCE,Funk/Funk15MeasureB.mid,
527,Drum Machine Patterns,Funk,Funk,FunkBreak1,120,4/4,drum-machine,1,1,1a5b4f3175b3,1,1,SOURCE_POOL_MACHINE_VERIFY_PROVENANCE,Funk/FunkBreak1.mid,
528,Drum Machine Patterns,Funk,Funk,FunkBreak2,120,4/4,drum-machine,1,1,b43b83e65811,1,1,SOURCE_POOL_MACHINE_VERIFY_PROVENANCE,Funk/FunkBreak2.mid,
529,Drum Machine Patterns,Funk,Funk,FunkBreak3,120,4/4,drum-machine,1,1,3af37c1e67b5,1,1,SOURCE_POOL_MACHINE_VERIFY_PROVENANCE,Funk/FunkBreak3.mid,
530,Drum Machine Patterns,Funk,Funk,FunkBreak4,120,4/4,drum-machine,1,1,ef06932d3829,2,2,SOURCE_POOL_MACHINE_VERIFY_PROVENANCE,Funk/FunkBreak4.mid,
531,Drum Machine Patterns,Funk,Funk,FunkBreak5,120,4/4,drum-machine,1,1,42369ec968a4,1,1,SOURCE_POOL_MACHINE_VERIFY_PROVENANCE,Funk/FunkBreak5.mid,
532,Drum Machine Patterns,Funk,Funk,FunkBreak6,120,4/4,drum-machine,1,1,8968bf523f4d,1,1,SOURCE_POOL_MACHINE_VERIFY_PROVENANCE,Funk/FunkBreak6.mid,
533,Drum Machine Patterns,Funk,Funk,FunkBreak7,120,4/4,drum-machine,1,1,17f4e2315d37,1,1,SOURCE_POOL_MACHINE_VERIFY_PROVENANCE,Funk/FunkBreak7.mid,
534,Drum Machine Patterns,Funk,Funk,FunkBreak8,120,4/4,drum-machine,1,1,dd7960432b55,1,1,SOURCE_POOL_MACHINE_VERIFY_PROVENANCE,Funk/FunkBreak8.mid,
535,Drum Machine Patterns,Funk,Funk,FunkBreak9,120,4/4,drum-machine,1,1,7cba69e31ce1,1,1,SOURCE_POOL_MACHINE_VERIFY_PROVENANCE,Funk/FunkBreak9.mid,
536,Drum Machine Patterns,Funk,Funk,FunkBreak10,120,4/4,drum-machine,1,1,0ab2ba25b201,1,1,SOURCE_POOL_MACHINE_VERIFY_PROVENANCE,Funk/FunkBreak10.mid,
537,Drum Machine Patterns,Funk,Funk,FunkBreak11,120,4/4,drum-machine,1,1,51a5f1b26c58,1,1,SOURCE_POOL_MACHINE_VERIFY_PROVENANCE,Funk/FunkBreak11.mid,
538,Drum Machine Patterns,Funk,Funk,FunkBreak12,120,4/4,drum-machine,1,1,5f52c1b27ac3,1,1,SOURCE_POOL_MACHINE_VERIFY_PROVENANCE,Funk/FunkBreak12.mid,
539,Drum Machine Patterns,Funk,Funk,FunkBreak13,120,4/4,drum-machine,1,1,70c34843daeb,1,1,SOURCE_POOL_MACHINE_VERIFY_PROVENANCE,Funk/FunkBreak13.mid,
540,Drum Machine Patterns,Funk,Funk,FunkBreak14,120,4/4,drum-machine,1,1,965b80a096ff,1,1,SOURCE_POOL_MACHINE_VERIFY_PROVENANCE,Funk/FunkBreak14.mid,
541,Drum Machine Patterns,Funk,Funk,FunkBreak15,120,4/4,drum-machine,1,1,33ade1ceeb27,1,1,SOURCE_POOL_MACHINE_VERIFY_PROVENANCE,Funk/FunkBreak15.mid,
542,Drum Machine Patterns,Jazz,Jazz,Jazz1,120,4/4,drum-machine,1,1,93dd5239afd8,1,1,SOURCE_POOL_MACHINE_VERIFY_PROVENANCE,Jazz/Jazz1.mid,
543,Drum Machine Patterns,Jazz,Jazz,Jazz2,120,4/4,drum-machine,1,1,bc5cadb51536,1,1,SOURCE_POOL_MACHINE_VERIFY_PROVENANCE,Jazz/Jazz2.mid,
544,Drum Machine Patterns,Jazz,Jazz,Jazz3,120,4/4,drum-machine,1,1,0f3657e88909,1,1,SOURCE_POOL_MACHINE_VERIFY_PROVENANCE,Jazz/Jazz3.mid,
545,Drum Machine Patterns,Jazz,Jazz,Jazz4,120,4/4,drum-machine,1,1,9db5b9aae3a3,1,1,SOURCE_POOL_MACHINE_VERIFY_PROVENANCE,Jazz/Jazz4.mid,
546,Drum Machine Patterns,Jazz,Jazz,Jazz5,120,4/4,drum-machine,1,1,319d94eefb0c,1,1,SOURCE_POOL_MACHINE_VERIFY_PROVENANCE,Jazz/Jazz5.mid,
547,Drum Machine Patterns,Jazz,Jazz,Jazz6,120,4/4,drum-machine,1,1,1445500545b4,1,1,SOURCE_POOL_MACHINE_VERIFY_PROVENANCE,Jazz/Jazz6.mid,
548,Drum Machine Patterns,Jazz,Jazz,JazzBreak1,120,4/4,drum-machine,1,1,43743fb68457,1,1,SOURCE_POOL_MACHINE_VERIFY_PROVENANCE,Jazz/JazzBreak1.mid,
549,Drum Machine Patterns,Jazz,Jazz,JazzBreak2,120,4/4,drum-machine,1,1,c58b96f68667,1,1,SOURCE_POOL_MACHINE_VERIFY_PROVENANCE,Jazz/JazzBreak2.mid,
550,Drum Machine Patterns,Jazz,Jazz,JazzBreak3,120,4/4,drum-machine,1,1,e7ffbd4091b1,1,1,SOURCE_POOL_MACHINE_VERIFY_PROVENANCE,Jazz/JazzBreak3.mid,
551,Drum Machine Patterns,March,March,March1,120,4/4,drum-machine,1,1,8224bb981a56,1,1,SOURCE_POOL_MACHINE_VERIFY_PROVENANCE,March/March1.mid,
552,Drum Machine Patterns,March,March,March2,120,4/4,drum-machine,1,1,95ac1c4c1461,1,1,SOURCE_POOL_MACHINE_VERIFY_PROVENANCE,March/March2.mid,
553,Drum Machine Patterns,March,March,MarchBreak1,120,4/4,drum-machine,1,1,e54538195c7b,1,1,SOURCE_POOL_MACHINE_VERIFY_PROVENANCE,March/MarchBreak1.mid,
554,Drum Machine Patterns,March,March,MarchBreak2,120,4/4,drum-machine,1,1,b224deec1f14,1,1,SOURCE_POOL_MACHINE_VERIFY_PROVENANCE,March/MarchBreak2.mid,
555,Drum Machine Patterns,Paso,Paso,Paso1,120,4/4,drum-machine,1,1,ccfd1bdbf482,1,1,SOURCE_POOL_MACHINE_VERIFY_PROVENANCE,Paso/Paso1.mid,
556,Drum Machine Patterns,Paso,Paso,Paso2,120,4/4,drum-machine,1,1,d978e9a2c0ff,1,1,SOURCE_POOL_MACHINE_VERIFY_PROVENANCE,Paso/Paso2.mid,
557,Drum Machine Patterns,Paso,Paso,PasoBreak1,120,4/4,drum-machine,1,1,2799ed6f358f,1,1,SOURCE_POOL_MACHINE_VERIFY_PROVENANCE,Paso/PasoBreak1.mid,
558,Drum Machine Patterns,Paso,Paso,PasoBreak2,120,4/4,drum-machine,1,1,c66ae4e463ac,1,1,SOURCE_POOL_MACHINE_VERIFY_PROVENANCE,Paso/PasoBreak2.mid,
559,Drum Machine Patterns,Pop,Pop,Pop1,120,4/4,drum-machine,1,1,b5a8000bc841,1,1,SOURCE_POOL_MACHINE_VERIFY_PROVENANCE,Pop/Pop1.mid,
560,Drum Machine Patterns,Pop,Pop,Pop1Break,120,4/4,drum-machine,1,1,15b482e348fe,1,1,SOURCE_POOL_MACHINE_VERIFY_PROVENANCE,Pop/Pop1Break.mid,
561,Drum Machine Patterns,Pop,Pop,Pop1MeasureA,120,4/4,drum-machine,1,1,998ed654711e,1,1,SOURCE_POOL_MACHINE_VERIFY_PROVENANCE,Pop/Pop1MeasureA.mid,
562,Drum Machine Patterns,Pop,Pop,Pop1MeasureB,120,4/4,drum-machine,1,1,fae7dcfc4165,1,1,SOURCE_POOL_MACHINE_VERIFY_PROVENANCE,Pop/Pop1MeasureB.mid,
563,Drum Machine Patterns,Pop,Pop,Pop2,120,4/4,drum-machine,1,1,066d99d9a448,1,1,SOURCE_POOL_MACHINE_VERIFY_PROVENANCE,Pop/Pop2.mid,
564,Drum Machine Patterns,Pop,Pop,Pop2Break,120,4/4,drum-machine,1,1,1d5ca186fc4c,1,1,SOURCE_POOL_MACHINE_VERIFY_PROVENANCE,Pop/Pop2Break.mid,
565,Drum Machine Patterns,Pop,Pop,Pop2MeasureA,120,4/4,drum-machine,1,1,2f3b66fef395,1,1,SOURCE_POOL_MACHINE_VERIFY_PROVENANCE,Pop/Pop2MeasureA.mid,
566,Drum Machine Patterns,Pop,Pop,Pop2MeasureB,120,4/4,drum-machine,1,1,e89cb9f14b4d,1,1,SOURCE_POOL_MACHINE_VERIFY_PROVENANCE,Pop/Pop2MeasureB.mid,
567,Drum Machine Patterns,Pop,Pop,Pop3,120,4/4,drum-machine,1,1,934343582a72,1,1,SOURCE_POOL_MACHINE_VERIFY_PROVENANCE,Pop/Pop3.mid,
568,Drum Machine Patterns,Pop,Pop,Pop3Break,120,4/4,drum-machine,1,1,b5e3d7fccad8,1,1,SOURCE_POOL_MACHINE_VERIFY_PROVENANCE,Pop/Pop3Break.mid,
569,Drum Machine Patterns,Pop,Pop,Pop3MeasureA,120,4/4,drum-machine,1,1,3373ca1312a1,1,1,SOURCE_POOL_MACHINE_VERIFY_PROVENANCE,Pop/Pop3MeasureA.mid,
570,Drum Machine Patterns,Pop,Pop,Pop3MeasureB,120,4/4,drum-machine,1,1,59431e0152b8,1,1,SOURCE_POOL_MACHINE_VERIFY_PROVENANCE,Pop/Pop3MeasureB.mid,
571,Drum Machine Patterns,Pop,Pop,Pop4,120,4/4,drum-machine,1,1,f3e1888b168d,1,1,SOURCE_POOL_MACHINE_VERIFY_PROVENANCE,Pop/Pop4.mid,
572,Drum Machine Patterns,Pop,Pop,Pop4Break,120,4/4,drum-machine,1,1,5d048c85ed93,1,1,SOURCE_POOL_MACHINE_VERIFY_PROVENANCE,Pop/Pop4Break.mid,
573,Drum Machine Patterns,Pop,Pop,Pop4MeasureA,120,4/4,drum-machine,1,1,856f0611ebf1,1,1,SOURCE_POOL_MACHINE_VERIFY_PROVENANCE,Pop/Pop4MeasureA.mid,
574,Drum Machine Patterns,Pop,Pop,Pop4MeasureB,120,4/4,drum-machine,1,1,915934f5ddca,1,1,SOURCE_POOL_MACHINE_VERIFY_PROVENANCE,Pop/Pop4MeasureB.mid,
575,Drum Machine Patterns,Pop,Pop,Pop5,120,4/4,drum-machine,1,1,13b60ffa87ba,1,1,SOURCE_POOL_MACHINE_VERIFY_PROVENANCE,Pop/Pop5.mid,
576,Drum Machine Patterns,Pop,Pop,Pop5Break,120,4/4,drum-machine,1,1,810b103e701a,1,1,SOURCE_POOL_MACHINE_VERIFY_PROVENANCE,Pop/Pop5Break.mid,
577,Drum Machine Patterns,Pop,Pop,Pop5MeasureA,120,4/4,drum-machine,1,1,76c401c1b9b6,1,1,SOURCE_POOL_MACHINE_VERIFY_PROVENANCE,Pop/Pop5MeasureA.mid,
578,Drum Machine Patterns,Pop,Pop,Pop5MeasureB,120,4/4,drum-machine,1,1,e9c430ce1949,1,1,SOURCE_POOL_MACHINE_VERIFY_PROVENANCE,Pop/Pop5MeasureB.mid,
579,Drum Machine Patterns,Pop,Pop,Pop6,120,4/4,drum-machine,1,1,9f005b21f6cf,1,1,SOURCE_POOL_MACHINE_VERIFY_PROVENANCE,Pop/Pop6.mid,
580,Drum Machine Patterns,Pop,Pop,Pop7,120,4/4,drum-machine,1,1,97575f5d3d9d,1,1,SOURCE_POOL_MACHINE_VERIFY_PROVENANCE,Pop/Pop7.mid,
581,Drum Machine Patterns,Pop,Pop,Pop8,120,4/4,drum-machine,1,1,fc9a0113724e,1,1,SOURCE_POOL_MACHINE_VERIFY_PROVENANCE,Pop/Pop8.mid,
582,Drum Machine Patterns,Pop,Pop,Pop9,120,4/4,drum-machine,1,1,03f14b64c53a,1,1,SOURCE_POOL_MACHINE_VERIFY_PROVENANCE,Pop/Pop9.mid,
583,Drum Machine Patterns,Pop,Pop,Pop10,120,4/4,drum-machine,1,1,df738daa32e6,1,1,SOURCE_POOL_MACHINE_VERIFY_PROVENANCE,Pop/Pop10.mid,
584,Drum Machine Patterns,Pop,Pop,Pop11,120,4/4,drum-machine,1,1,a3603d7b56b5,1,1,SOURCE_POOL_MACHINE_VERIFY_PROVENANCE,Pop/Pop11.mid,
585,Drum Machine Patterns,Pop,Pop,Pop12,120,4/4,drum-machine,1,1,83828e37a9dc,1,1,SOURCE_POOL_MACHINE_VERIFY_PROVENANCE,Pop/Pop12.mid,
586,Drum Machine Patterns,Pop,Pop,PopBreak1,120,4/4,drum-machine,1,1,42f3cb4121c3,1,1,SOURCE_POOL_MACHINE_VERIFY_PROVENANCE,Pop/PopBreak1.mid,
587,Drum Machine Patterns,Pop,Pop,PopBreak2,120,4/4,drum-machine,1,1,04f51c444f27,1,1,SOURCE_POOL_MACHINE_VERIFY_PROVENANCE,Pop/PopBreak2.mid,
588,Drum Machine Patterns,Pop,Pop,PopBreak3,120,4/4,drum-machine,1,1,2613a0f46c70,1,1,SOURCE_POOL_MACHINE_VERIFY_PROVENANCE,Pop/PopBreak3.mid,
589,Drum Machine Patterns,Pop,Pop,PopBreak4,120,4/4,drum-machine,1,1,ef06932d3829,2,2,SOURCE_POOL_MACHINE_VERIFY_PROVENANCE,Pop/PopBreak4.mid,
590,Drum Machine Patterns,Pop,Pop,PopBreak5,120,4/4,drum-machine,1,1,aecc17f75ec1,1,1,SOURCE_POOL_MACHINE_VERIFY_PROVENANCE,Pop/PopBreak5.mid,
591,Drum Machine Patterns,Pop,Pop,PopBreak6,120,4/4,drum-machine,1,1,7f142e57b415,1,1,SOURCE_POOL_MACHINE_VERIFY_PROVENANCE,Pop/PopBreak6.mid,
592,Drum Machine Patterns,Reggae,Reggae,Reggae1,120,4/4,drum-machine,1,1,4ffb486664a4,1,1,SOURCE_POOL_MACHINE_VERIFY_PROVENANCE,Reggae/Reggae1.mid,
593,Drum Machine Patterns,Reggae,Reggae,Reggae1Break,120,4/4,drum-machine,1,1,4fd31ac94b1c,1,1,SOURCE_POOL_MACHINE_VERIFY_PROVENANCE,Reggae/Reggae1Break.mid,
594,Drum Machine Patterns,Reggae,Reggae,Reggae1MeasureA,120,4/4,drum-machine,1,1,9500c381f131,1,1,SOURCE_POOL_MACHINE_VERIFY_PROVENANCE,Reggae/Reggae1MeasureA.mid,
595,Drum Machine Patterns,Reggae,Reggae,Reggae1MeasureB,120,4/4,drum-machine,1,1,2ce11f5c6788,1,1,SOURCE_POOL_MACHINE_VERIFY_PROVENANCE,Reggae/Reggae1MeasureB.mid,
596,Drum Machine Patterns,Reggae,Reggae,Reggae2,120,4/4,drum-machine,1,1,323c7d25ac85,1,1,SOURCE_POOL_MACHINE_VERIFY_PROVENANCE,Reggae/Reggae2.mid,
597,Drum Machine Patterns,Reggae,Reggae,Reggae2Break,120,4/4,drum-machine,1,1,29e813523953,1,1,SOURCE_POOL_MACHINE_VERIFY_PROVENANCE,Reggae/Reggae2Break.mid,
598,Drum Machine Patterns,Reggae,Reggae,Reggae2MeasureA,120,4/4,drum-machine,1,1,33e27b8e2919,1,1,SOURCE_POOL_MACHINE_VERIFY_PROVENANCE,Reggae/Reggae2MeasureA.mid,
599,Drum Machine Patterns,Reggae,Reggae,Reggae2MeasureB,120,4/4,drum-machine,1,1,196a26162f8c,1,1,SOURCE_POOL_MACHINE_VERIFY_PROVENANCE,Reggae/Reggae2MeasureB.mid,
600,Drum Machine Patterns,Reggae,Reggae,Reggae3,120,4/4,drum-machine,1,1,31774540cdb5,1,1,SOURCE_POOL_MACHINE_VERIFY_PROVENANCE,Reggae/Reggae3.mid,
601,Drum Machine Patterns,Reggae,Reggae,Reggae3Break,120,4/4,drum-machine,1,1,0e002594fd7b,1,1,SOURCE_POOL_MACHINE_VERIFY_PROVENANCE,Reggae/Reggae3Break.mid,
602,Drum Machine Patterns,Reggae,Reggae,Reggae3MeasureA,120,4/4,drum-machine,1,1,9b02ad3a8d7d,1,1,SOURCE_POOL_MACHINE_VERIFY_PROVENANCE,Reggae/Reggae3MeasureA.mid,
603,Drum Machine Patterns,Reggae,Reggae,Reggae3MeasureB,120,4/4,drum-machine,1,1,650b60549cc3,1,1,SOURCE_POOL_MACHINE_VERIFY_PROVENANCE,Reggae/Reggae3MeasureB.mid,
604,Drum Machine Patterns,Reggae,Reggae,Reggae4,120,4/4,drum-machine,1,1,298697ceaaf6,1,1,SOURCE_POOL_MACHINE_VERIFY_PROVENANCE,Reggae/Reggae4.mid,
605,Drum Machine Patterns,Reggae,Reggae,Reggae4Break,120,4/4,drum-machine,1,1,b9d059afb04e,1,1,SOURCE_POOL_MACHINE_VERIFY_PROVENANCE,Reggae/Reggae4Break.mid,
606,Drum Machine Patterns,Reggae,Reggae,Reggae4MeasureA,120,4/4,drum-machine,1,1,6b35d2eed5f7,1,1,SOURCE_POOL_MACHINE_VERIFY_PROVENANCE,Reggae/Reggae4MeasureA.mid,
607,Drum Machine Patterns,Reggae,Reggae,Reggae4MeasureB,120,4/4,drum-machine,1,1,fc37f5181788,2,2,SOURCE_POOL_MACHINE_VERIFY_PROVENANCE,Reggae/Reggae4MeasureB.mid,
608,Drum Machine Patterns,Reggae,Reggae,Reggae5,120,4/4,drum-machine,1,1,026af7edbf03,1,1,SOURCE_POOL_MACHINE_VERIFY_PROVENANCE,Reggae/Reggae5.mid,
609,Drum Machine Patterns,Reggae,Reggae,Reggae5Break,120,4/4,drum-machine,1,1,0561f417bf52,1,1,SOURCE_POOL_MACHINE_VERIFY_PROVENANCE,Reggae/Reggae5Break.mid,
610,Drum Machine Patterns,Reggae,Reggae,Reggae5MeasureA,120,4/4,drum-machine,1,1,74f6e71c4936,1,1,SOURCE_POOL_MACHINE_VERIFY_PROVENANCE,Reggae/Reggae5MeasureA.mid,
611,Drum Machine Patterns,Reggae,Reggae,Reggae5MeasureB,120,4/4,drum-machine,1,1,b89d36ea5315,1,1,SOURCE_POOL_MACHINE_VERIFY_PROVENANCE,Reggae/Reggae5MeasureB.mid,
612,Drum Machine Patterns,Reggae,Reggae,Reggae6,120,4/4,drum-machine,1,1,8c4db7b3e983,1,1,SOURCE_POOL_MACHINE_VERIFY_PROVENANCE,Reggae/Reggae6.mid,
613,Drum Machine Patterns,Reggae,Reggae,Reggae7,120,4/4,drum-machine,1,1,d04073c549e4,1,1,SOURCE_POOL_MACHINE_VERIFY_PROVENANCE,Reggae/Reggae7.mid,
614,Drum Machine Patterns,Reggae,Reggae,Reggae8,120,4/4,drum-machine,1,1,fc37f5181788,2,2,SOURCE_POOL_MACHINE_VERIFY_PROVENANCE,Reggae/Reggae8.mid,
615,Drum Machine Patterns,Reggae,Reggae,Reggae9,120,4/4,drum-machine,1,1,8ab69563e102,1,1,SOURCE_POOL_MACHINE_VERIFY_PROVENANCE,Reggae/Reggae9.mid,
616,Drum Machine Patterns,Reggae,Reggae,Reggae10,120,4/4,drum-machine,1,1,0349ac33183c,1,1,SOURCE_POOL_MACHINE_VERIFY_PROVENANCE,Reggae/Reggae10.mid,
617,Drum Machine Patterns,Reggae,Reggae,Reggae11,120,4/4,drum-machine,1,1,c16803ef930f,1,1,SOURCE_POOL_MACHINE_VERIFY_PROVENANCE,Reggae/Reggae11.mid,
618,Drum Machine Patterns,Reggae,Reggae,Reggae12,120,4/4,drum-machine,1,1,5ad0e6b51d0e,1,1,SOURCE_POOL_MACHINE_VERIFY_PROVENANCE,Reggae/Reggae12.mid,
619,Drum Machine Patterns,Reggae,Reggae,ReggaeBreak1,120,4/4,drum-machine,1,1,a0bd69a91e53,1,1,SOURCE_POOL_MACHINE_VERIFY_PROVENANCE,Reggae/ReggaeBreak1.mid,
620,Drum Machine Patterns,Reggae,Reggae,ReggaeBreak2,120,4/4,drum-machine,1,1,15a45437ca0b,1,1,SOURCE_POOL_MACHINE_VERIFY_PROVENANCE,Reggae/ReggaeBreak2.mid,
621,Drum Machine Patterns,Reggae,Reggae,ReggaeBreak3,120,4/4,drum-machine,1,1,bc1f92814510,1,1,SOURCE_POOL_MACHINE_VERIFY_PROVENANCE,Reggae/ReggaeBreak3.mid,
622,Drum Machine Patterns,Reggae,Reggae,ReggaeBreak4,120,4/4,drum-machine,1,1,1e086ba83e4e,1,1,SOURCE_POOL_MACHINE_VERIFY_PROVENANCE,Reggae/ReggaeBreak4.mid,
623,Drum Machine Patterns,Reggae,Reggae,ReggaeBreak5,120,4/4,drum-machine,1,1,78369bda40b2,1,1,SOURCE_POOL_MACHINE_VERIFY_PROVENANCE,Reggae/ReggaeBreak5.mid,
624,Drum Machine Patterns,Reggae,Reggae,ReggaeBreak6,120,4/4,drum-machine,1,1,828be9d60dbd,1,1,SOURCE_POOL_MACHINE_VERIFY_PROVENANCE,Reggae/ReggaeBreak6.mid,
625,Drum Machine Patterns,Reggae,Reggae,ReggaeBreak7,120,4/4,drum-machine,1,1,73b7e6153aa6,1,1,SOURCE_POOL_MACHINE_VERIFY_PROVENANCE,Reggae/ReggaeBreak7.mid,
626,Drum Machine Patterns,Reggae,Reggae,ReggaeBreak8,120,4/4,drum-machine,1,1,804682ad1a93,1,1,SOURCE_POOL_MACHINE_VERIFY_PROVENANCE,Reggae/ReggaeBreak8.mid,
627,Drum Machine Patterns,Reggae,Reggae,ReggaeBreak9,120,4/4,drum-machine,1,1,ae9be6b44785,1,1,SOURCE_POOL_MACHINE_VERIFY_PROVENANCE,Reggae/ReggaeBreak9.mid,
628,Drum Machine Patterns,Rhythm Blues,Rhythm Blues,Rhythm Blues1Break,120,4/4,drum-machine,1,1,269d31242633,1,1,SOURCE_POOL_MACHINE_VERIFY_PROVENANCE,Rhythm Blues/Rhythm_Blues1Break.mid,
629,Drum Machine Patterns,Rhythm Blues,Rhythm Blues,Rhythm Blues1MeasureA,120,4/4,drum-machine,1,1,5ae3677e07d1,1,1,SOURCE_POOL_MACHINE_VERIFY_PROVENANCE,Rhythm Blues/Rhythm_Blues1MeasureA.mid,
630,Drum Machine Patterns,Rhythm Blues,Rhythm Blues,Rhythm Blues1MeasureB,120,4/4,drum-machine,1,1,b5f12e945b24,1,1,SOURCE_POOL_MACHINE_VERIFY_PROVENANCE,Rhythm Blues/Rhythm_Blues1MeasureB.mid,
631,Drum Machine Patterns,Rhythm Blues,Rhythm Blues,Rhythm Blues2Break,120,4/4,drum-machine,1,1,6a06ad815233,1,1,SOURCE_POOL_MACHINE_VERIFY_PROVENANCE,Rhythm Blues/Rhythm_Blues2Break.mid,
632,Drum Machine Patterns,Rhythm Blues,Rhythm Blues,Rhythm Blues2MeasureA,120,4/4,drum-machine,1,1,f55b60997c48,1,1,SOURCE_POOL_MACHINE_VERIFY_PROVENANCE,Rhythm Blues/Rhythm_Blues2MeasureA.mid,
633,Drum Machine Patterns,Rhythm Blues,Rhythm Blues,Rhythm Blues2MeasureB,120,4/4,drum-machine,1,1,d505d9212698,1,1,SOURCE_POOL_MACHINE_VERIFY_PROVENANCE,Rhythm Blues/Rhythm_Blues2MeasureB.mid,
634,Drum Machine Patterns,Rhythm Blues,Rhythm Blues,Rhythm Blues3Break,120,4/4,drum-machine,1,1,6f7b0e6b4337,1,1,SOURCE_POOL_MACHINE_VERIFY_PROVENANCE,Rhythm Blues/Rhythm_Blues3Break.mid,
635,Drum Machine Patterns,Rhythm Blues,Rhythm Blues,Rhythm Blues3MeasureA,120,4/4,drum-machine,1,1,e9c41fe0c4d1,1,1,SOURCE_POOL_MACHINE_VERIFY_PROVENANCE,Rhythm Blues/Rhythm_Blues3MeasureA.mid,
636,Drum Machine Patterns,Rhythm Blues,Rhythm Blues,Rhythm Blues3MeasureB,120,4/4,drum-machine,1,1,c23eef8f9a1c,1,1,SOURCE_POOL_MACHINE_VERIFY_PROVENANCE,Rhythm Blues/Rhythm_Blues3MeasureB.mid,
637,Drum Machine Patterns,Rhythm Blues,Rhythm Blues,Rhythm Blues4Break,120,4/4,drum-machine,1,1,a456958a2374,1,1,SOURCE_POOL_MACHINE_VERIFY_PROVENANCE,Rhythm Blues/Rhythm_Blues4Break.mid,
638,Drum Machine Patterns,Rhythm Blues,Rhythm Blues,Rhythm Blues4MeasureA,120,4/4,drum-machine,1,1,e2fe031bea3e,1,1,SOURCE_POOL_MACHINE_VERIFY_PROVENANCE,Rhythm Blues/Rhythm_Blues4MeasureA.mid,
639,Drum Machine Patterns,Rhythm Blues,Rhythm Blues,Rhythm Blues4MeasureB,120,4/4,drum-machine,1,1,4d26a0345506,1,1,SOURCE_POOL_MACHINE_VERIFY_PROVENANCE,Rhythm Blues/Rhythm_Blues4MeasureB.mid,
640,Drum Machine Patterns,Rhythm Blues,Rhythm Blues,Rhythm Blues5Break,120,4/4,drum-machine,1,1,0989d6f443d7,1,1,SOURCE_POOL_MACHINE_VERIFY_PROVENANCE,Rhythm Blues/Rhythm_Blues5Break.mid,
641,Drum Machine Patterns,Rhythm Blues,Rhythm Blues,Rhythm Blues5MeasureA,120,4/4,drum-machine,1,1,517f7bd29afd,1,1,SOURCE_POOL_MACHINE_VERIFY_PROVENANCE,Rhythm Blues/Rhythm_Blues5MeasureA.mid,
642,Drum Machine Patterns,Rhythm Blues,Rhythm Blues,Rhythm Blues5MeasureB,120,4/4,drum-machine,1,1,7cedb109deda,1,1,SOURCE_POOL_MACHINE_VERIFY_PROVENANCE,Rhythm Blues/Rhythm_Blues5MeasureB.mid,
643,Drum Machine Patterns,Rhythm Blues,Rhythm Blues,Rnb1,120,4/4,drum-machine,1,1,b4aa25728ce2,1,1,SOURCE_POOL_MACHINE_VERIFY_PROVENANCE,Rhythm Blues/Rnb1.mid,
644,Drum Machine Patterns,Rhythm Blues,Rhythm Blues,Rnb2,120,4/4,drum-machine,1,1,f9ec45993645,1,1,SOURCE_POOL_MACHINE_VERIFY_PROVENANCE,Rhythm Blues/Rnb2.mid,
645,Drum Machine Patterns,Rhythm Blues,Rhythm Blues,Rnb3,120,4/4,drum-machine,1,1,e7fe09abac23,1,1,SOURCE_POOL_MACHINE_VERIFY_PROVENANCE,Rhythm Blues/Rnb3.mid,
646,Drum Machine Patterns,Rhythm Blues,Rhythm Blues,Rnb4,120,4/4,drum-machine,1,1,74c12382525c,1,1,SOURCE_POOL_MACHINE_VERIFY_PROVENANCE,Rhythm Blues/Rnb4.mid,
647,Drum Machine Patterns,Rhythm Blues,Rhythm Blues,Rnb5,120,4/4,drum-machine,1,1,797a0219aea7,1,1,SOURCE_POOL_MACHINE_VERIFY_PROVENANCE,Rhythm Blues/Rnb5.mid,
648,Drum Machine Patterns,Rhythm Blues,Rhythm Blues,Rnb6,120,4/4,drum-machine,1,1,637985398c18,1,1,SOURCE_POOL_MACHINE_VERIFY_PROVENANCE,Rhythm Blues/Rnb6.mid,
649,Drum Machine Patterns,Rhythm Blues,Rhythm Blues,Rnb7,120,4/4,drum-machine,1,1,20b69730e4dd,1,1,SOURCE_POOL_MACHINE_VERIFY_PROVENANCE,Rhythm Blues/Rnb7.mid,
650,Drum Machine Patterns,Rhythm Blues,Rhythm Blues,Rnb8,120,4/4,drum-machine,1,1,23a3735f55d6,1,1,SOURCE_POOL_MACHINE_VERIFY_PROVENANCE,Rhythm Blues/Rnb8.mid,
651,Drum Machine Patterns,Rhythm Blues,Rhythm Blues,Rnb9,120,4/4,drum-machine,1,1,0f7b1dba1d27,1,1,SOURCE_POOL_MACHINE_VERIFY_PROVENANCE,Rhythm Blues/Rnb9.mid,
652,Drum Machine Patterns,Rhythm Blues,Rhythm Blues,Rnb10,120,4/4,drum-machine,1,1,2ac731759072,1,1,SOURCE_POOL_MACHINE_VERIFY_PROVENANCE,Rhythm Blues/Rnb10.mid,
653,Drum Machine Patterns,Rhythm Blues,Rhythm Blues,Rnb11,120,4/4,drum-machine,1,1,62a334120df1,1,1,SOURCE_POOL_MACHINE_VERIFY_PROVENANCE,Rhythm Blues/Rnb11.mid,
654,Drum Machine Patterns,Rhythm Blues,Rhythm Blues,Rnb12,120,4/4,drum-machine,1,1,dd8bec4d9419,1,1,SOURCE_POOL_MACHINE_VERIFY_PROVENANCE,Rhythm Blues/Rnb12.mid,
655,Drum Machine Patterns,Rhythm Blues,Rhythm Blues,RnbBreak1,120,4/4,drum-machine,1,1,cda3951820b9,1,1,SOURCE_POOL_MACHINE_VERIFY_PROVENANCE,Rhythm Blues/RnbBreak1.mid,
656,Drum Machine Patterns,Rhythm Blues,Rhythm Blues,RnbBreak2,120,4/4,drum-machine,1,1,7402764bdc0f,1,1,SOURCE_POOL_MACHINE_VERIFY_PROVENANCE,Rhythm Blues/RnbBreak2.mid,
657,Drum Machine Patterns,Rhythm Blues,Rhythm Blues,RnbBreak3,120,4/4,drum-machine,1,1,12e8c15d543d,1,1,SOURCE_POOL_MACHINE_VERIFY_PROVENANCE,Rhythm Blues/RnbBreak3.mid,
658,Drum Machine Patterns,Rhythm Blues,Rhythm Blues,RnbBreak4,120,4/4,drum-machine,1,1,599fd917f729,1,1,SOURCE_POOL_MACHINE_VERIFY_PROVENANCE,Rhythm Blues/RnbBreak4.mid,
659,Drum Machine Patterns,Rhythm Blues,Rhythm Blues,RnbBreak5,120,4/4,drum-machine,1,1,bef560b711ee,1,1,SOURCE_POOL_MACHINE_VERIFY_PROVENANCE,Rhythm Blues/RnbBreak5.mid,
660,Drum Machine Patterns,Rhythm Blues,Rhythm Blues,RnbBreak6,120,4/4,drum-machine,1,1,0cf05696a7e5,1,1,SOURCE_POOL_MACHINE_VERIFY_PROVENANCE,Rhythm Blues/RnbBreak6.mid,
661,Drum Machine Patterns,Rock,Rock,Rock1,120,4/4,drum-machine,1,1,c6ead80e5d6b,1,1,SOURCE_POOL_MACHINE_VERIFY_PROVENANCE,Rock/Rock1.mid,
662,Drum Machine Patterns,Rock,Rock,Rock1Break,120,4/4,drum-machine,1,1,66f5334812d0,1,1,SOURCE_POOL_MACHINE_VERIFY_PROVENANCE,Rock/Rock1Break.mid,
663,Drum Machine Patterns,Rock,Rock,Rock1MeasureA,120,4/4,drum-machine,1,1,7b5f0d441fc1,1,1,SOURCE_POOL_MACHINE_VERIFY_PROVENANCE,Rock/Rock1MeasureA.mid,
664,Drum Machine Patterns,Rock,Rock,Rock1MeasureB,120,4/4,drum-machine,1,1,8fd7b8f332d9,1,1,SOURCE_POOL_MACHINE_VERIFY_PROVENANCE,Rock/Rock1MeasureB.mid,
665,Drum Machine Patterns,Rock,Rock,Rock2,120,4/4,drum-machine,1,1,062b8a5d3b68,1,1,SOURCE_POOL_MACHINE_VERIFY_PROVENANCE,Rock/Rock2.mid,
666,Drum Machine Patterns,Rock,Rock,Rock2Break,120,4/4,drum-machine,1,1,7f4abc4f3c68,1,1,SOURCE_POOL_MACHINE_VERIFY_PROVENANCE,Rock/Rock2Break.mid,
667,Drum Machine Patterns,Rock,Rock,Rock2MeasureA,120,4/4,drum-machine,1,1,3031da014d2c,1,1,SOURCE_POOL_MACHINE_VERIFY_PROVENANCE,Rock/Rock2MeasureA.mid,
668,Drum Machine Patterns,Rock,Rock,Rock2MeasureB,120,4/4,drum-machine,1,1,10382f5ba3f5,1,1,SOURCE_POOL_MACHINE_VERIFY_PROVENANCE,Rock/Rock2MeasureB.mid,
669,Drum Machine Patterns,Rock,Rock,Rock3,120,4/4,drum-machine,1,1,4c856495f1c0,1,1,SOURCE_POOL_MACHINE_VERIFY_PROVENANCE,Rock/Rock3.mid,
670,Drum Machine Patterns,Rock,Rock,Rock3Break,120,4/4,drum-machine,1,1,6669cf404384,1,1,SOURCE_POOL_MACHINE_VERIFY_PROVENANCE,Rock/Rock3Break.mid,
671,Drum Machine Patterns,Rock,Rock,Rock3MeasureA,120,4/4,drum-machine,1,1,1ad5bcc20830,1,1,SOURCE_POOL_MACHINE_VERIFY_PROVENANCE,Rock/Rock3MeasureA.mid,
672,Drum Machine Patterns,Rock,Rock,Rock3MeasureB,120,4/4,drum-machine,1,1,5c6e87bfa7d8,1,1,SOURCE_POOL_MACHINE_VERIFY_PROVENANCE,Rock/Rock3MeasureB.mid,
673,Drum Machine Patterns,Rock,Rock,Rock4,120,4/4,drum-machine,1,1,b7571a8aacc8,1,1,SOURCE_POOL_MACHINE_VERIFY_PROVENANCE,Rock/Rock4.mid,
674,Drum Machine Patterns,Rock,Rock,Rock4Break,120,4/4,drum-machine,1,1,f599fe5e581c,1,1,SOURCE_POOL_MACHINE_VERIFY_PROVENANCE,Rock/Rock4Break.mid,
675,Drum Machine Patterns,Rock,Rock,Rock4MeasureA,120,4/4,drum-machine,1,1,94ff90cd8dc5,1,1,SOURCE_POOL_MACHINE_VERIFY_PROVENANCE,Rock/Rock4MeasureA.mid,
676,Drum Machine Patterns,Rock,Rock,Rock4MeasureB,120,4/4,drum-machine,1,1,d9d2a9f6dff7,1,1,SOURCE_POOL_MACHINE_VERIFY_PROVENANCE,Rock/Rock4MeasureB.mid,
677,Drum Machine Patterns,Rock,Rock,Rock5,120,4/4,drum-machine,1,1,9f4ab8bdac21,1,1,SOURCE_POOL_MACHINE_VERIFY_PROVENANCE,Rock/Rock5.mid,
678,Drum Machine Patterns,Rock,Rock,Rock5Break,120,4/4,drum-machine,1,1,3c84a08cecc6,1,1,SOURCE_POOL_MACHINE_VERIFY_PROVENANCE,Rock/Rock5Break.mid,
679,Drum Machine Patterns,Rock,Rock,Rock5MeasureA,120,4/4,drum-machine,1,1,f76b860ba49d,1,1,SOURCE_POOL_MACHINE_VERIFY_PROVENANCE,Rock/Rock5MeasureA.mid,
680,Drum Machine Patterns,Rock,Rock,Rock5MeasureB,120,4/4,drum-machine,1,1,4ee0787ac80a,1,1,SOURCE_POOL_MACHINE_VERIFY_PROVENANCE,Rock/Rock5MeasureB.mid,
681,Drum Machine Patterns,Rock,Rock,Rock6,120,4/4,drum-machine,1,1,074927bc8a13,1,1,SOURCE_POOL_MACHINE_VERIFY_PROVENANCE,Rock/Rock6.mid,
682,Drum Machine Patterns,Rock,Rock,Rock7,120,4/4,drum-machine,1,1,0b7ab88bf018,1,1,SOURCE_POOL_MACHINE_VERIFY_PROVENANCE,Rock/Rock7.mid,
683,Drum Machine Patterns,Rock,Rock,Rock8,120,4/4,drum-machine,1,1,71007bd2d5bc,1,1,SOURCE_POOL_MACHINE_VERIFY_PROVENANCE,Rock/Rock8.mid,
684,Drum Machine Patterns,Rock,Rock,Rock9,120,4/4,drum-machine,1,1,2c1697c62490,1,1,SOURCE_POOL_MACHINE_VERIFY_PROVENANCE,Rock/Rock9.mid,
685,Drum Machine Patterns,Rock,Rock,Rock10,120,4/4,drum-machine,1,1,76ab926983ef,1,1,SOURCE_POOL_MACHINE_VERIFY_PROVENANCE,Rock/Rock10.mid,
686,Drum Machine Patterns,Rock,Rock,Rock11,120,4/4,drum-machine,1,1,54d3bc1376fd,1,1,SOURCE_POOL_MACHINE_VERIFY_PROVENANCE,Rock/Rock11.mid,
687,Drum Machine Patterns,Rock,Rock,Rock12,120,4/4,drum-machine,1,1,ef9dc0819d01,1,1,SOURCE_POOL_MACHINE_VERIFY_PROVENANCE,Rock/Rock12.mid,
688,Drum Machine Patterns,Rock,Rock,Rock13,120,4/4,drum-machine,1,1,4c85f4b02de2,1,1,SOURCE_POOL_MACHINE_VERIFY_PROVENANCE,Rock/Rock13.mid,
689,Drum Machine Patterns,Rock,Rock,Rock14 2,120,4/4,drum-machine,1,1,a2ea8d59c5ed,1,1,SOURCE_POOL_MACHINE_VERIFY_PROVENANCE,Rock/Rock14_2.mid,
690,Drum Machine Patterns,Rock,Rock,Rock14,120,4/4,drum-machine,1,1,d3f2424f6849,1,1,SOURCE_POOL_MACHINE_VERIFY_PROVENANCE,Rock/Rock14.mid,
691,Drum Machine Patterns,Rock,Rock,RockBreak1,120,4/4,drum-machine,1,1,719b35003b38,1,1,SOURCE_POOL_MACHINE_VERIFY_PROVENANCE,Rock/RockBreak1.mid,
692,Drum Machine Patterns,Rock,Rock,RockBreak2,120,4/4,drum-machine,1,1,ad1048a94243,1,1,SOURCE_POOL_MACHINE_VERIFY_PROVENANCE,Rock/RockBreak2.mid,
693,Drum Machine Patterns,Rock,Rock,RockBreak3,120,4/4,drum-machine,1,1,69ab780578e4,1,1,SOURCE_POOL_MACHINE_VERIFY_PROVENANCE,Rock/RockBreak3.mid,
694,Drum Machine Patterns,Rock,Rock,RockBreak4,120,4/4,drum-machine,1,1,6032d0af77c4,1,1,SOURCE_POOL_MACHINE_VERIFY_PROVENANCE,Rock/RockBreak4.mid,
695,Drum Machine Patterns,Rock,Rock,RockBreak5,120,4/4,drum-machine,1,1,d31dcc2ca3ec,1,1,SOURCE_POOL_MACHINE_VERIFY_PROVENANCE,Rock/RockBreak5.mid,
696,Drum Machine Patterns,Rock,Rock,RockBreak6,120,4/4,drum-machine,1,1,bea626c7a23a,1,1,SOURCE_POOL_MACHINE_VERIFY_PROVENANCE,Rock/RockBreak6.mid,
697,Drum Machine Patterns,Rock,Rock,RockBreak7,120,4/4,drum-machine,1,1,8321a41fbdd4,1,1,SOURCE_POOL_MACHINE_VERIFY_PROVENANCE,Rock/RockBreak7.mid,
698,Drum Machine Patterns,Rock,Rock,RockBreak8,120,4/4,drum-machine,1,1,92e33317f2f7,1,1,SOURCE_POOL_MACHINE_VERIFY_PROVENANCE,Rock/RockBreak8.mid,
699,Drum Machine Patterns,Rock,Rock,RockBreak9,120,4/4,drum-machine,1,1,a13507e91ee5,1,1,SOURCE_POOL_MACHINE_VERIFY_PROVENANCE,Rock/RockBreak9.mid,
700,Drum Machine Patterns,Rock,Rock,RockBreak10,120,4/4,drum-machine,1,1,3cc106ebd05f,1,1,SOURCE_POOL_MACHINE_VERIFY_PROVENANCE,Rock/RockBreak10.mid,
701,Drum Machine Patterns,Rock,Rock,RockBreak11,120,4/4,drum-machine,1,1,a84f8a4c89ae,1,1,SOURCE_POOL_MACHINE_VERIFY_PROVENANCE,Rock/RockBreak11.mid,
702,Drum Machine Patterns,Rock,Rock,RockBreak12,120,4/4,drum-machine,1,1,a303334ed56c,1,1,SOURCE_POOL_MACHINE_VERIFY_PROVENANCE,Rock/RockBreak12.mid,
703,Drum Machine Patterns,Samba,Samba,Samba1,120,4/4,drum-machine,1,1,6d6981333f62,1,1,SOURCE_POOL_MACHINE_VERIFY_PROVENANCE,Samba/Samba1.mid,
704,Drum Machine Patterns,Samba,Samba,Samba1Break,120,4/4,drum-machine,1,1,d222081f056c,1,1,SOURCE_POOL_MACHINE_VERIFY_PROVENANCE,Samba/Samba1Break.mid,
705,Drum Machine Patterns,Samba,Samba,Samba1MeasureA,120,4/4,drum-machine,1,1,81b7f0d30fe2,1,1,SOURCE_POOL_MACHINE_VERIFY_PROVENANCE,Samba/Samba1MeasureA.mid,
706,Drum Machine Patterns,Samba,Samba,Samba1MeasureB,120,4/4,drum-machine,1,1,15fe9974474e,1,1,SOURCE_POOL_MACHINE_VERIFY_PROVENANCE,Samba/Samba1MeasureB.mid,
707,Drum Machine Patterns,Samba,Samba,Samba2,120,4/4,drum-machine,1,1,254962503346,2,2,SOURCE_POOL_MACHINE_VERIFY_PROVENANCE,Samba/Samba2.mid,
708,Drum Machine Patterns,Samba,Samba,Samba2Break,120,4/4,drum-machine,1,1,a5e348e94e07,1,1,SOURCE_POOL_MACHINE_VERIFY_PROVENANCE,Samba/Samba2Break.mid,
709,Drum Machine Patterns,Samba,Samba,Samba2MeasureA,120,4/4,drum-machine,1,1,03c45bdf48e2,1,1,SOURCE_POOL_MACHINE_VERIFY_PROVENANCE,Samba/Samba2MeasureA.mid,
710,Drum Machine Patterns,Samba,Samba,Samba2MeasureB,120,4/4,drum-machine,1,1,1f3a36cdc2ca,1,1,SOURCE_POOL_MACHINE_VERIFY_PROVENANCE,Samba/Samba2MeasureB.mid,
711,Drum Machine Patterns,Samba,Samba,Samba3,120,4/4,drum-machine,1,1,254962503346,2,2,SOURCE_POOL_MACHINE_VERIFY_PROVENANCE,Samba/Samba3.mid,
712,Drum Machine Patterns,Samba,Samba,Samba3Break,120,4/4,drum-machine,1,1,b60d3bfe0957,1,1,SOURCE_POOL_MACHINE_VERIFY_PROVENANCE,Samba/Samba3Break.mid,
713,Drum Machine Patterns,Samba,Samba,Samba3MeasureA,120,4/4,drum-machine,1,1,b24b32f4c687,1,1,SOURCE_POOL_MACHINE_VERIFY_PROVENANCE,Samba/Samba3MeasureA.mid,
714,Drum Machine Patterns,Samba,Samba,Samba3MeasureB,120,4/4,drum-machine,1,1,aa42c7144e66,1,1,SOURCE_POOL_MACHINE_VERIFY_PROVENANCE,Samba/Samba3MeasureB.mid,
715,Drum Machine Patterns,Samba,Samba,Samba4,120,4/4,drum-machine,1,1,30d4be49d5d3,1,1,SOURCE_POOL_MACHINE_VERIFY_PROVENANCE,Samba/Samba4.mid,
716,Drum Machine Patterns,Samba,Samba,Samba5,120,4/4,drum-machine,1,1,2d48ae3e102b,1,1,SOURCE_POOL_MACHINE_VERIFY_PROVENANCE,Samba/Samba5.mid,
717,Drum Machine Patterns,Samba,Samba,Samba6,120,4/4,drum-machine,1,1,e32534d0c696,1,1,SOURCE_POOL_MACHINE_VERIFY_PROVENANCE,Samba/Samba6.mid,
718,Drum Machine Patterns,Samba,Samba,SambaBreak1,120,4/4,drum-machine,1,1,56a69949b9ae,1,1,SOURCE_POOL_MACHINE_VERIFY_PROVENANCE,Samba/SambaBreak1.mid,
719,Drum Machine Patterns,Samba,Samba,SambaBreak2,120,4/4,drum-machine,1,1,93fda633320d,1,1,SOURCE_POOL_MACHINE_VERIFY_PROVENANCE,Samba/SambaBreak2.mid,
720,Drum Machine Patterns,Samba,Samba,SambaBreak3,120,4/4,drum-machine,1,1,ba62c2bce7df,1,1,SOURCE_POOL_MACHINE_VERIFY_PROVENANCE,Samba/SambaBreak3.mid,
721,Drum Machine Patterns,Shuffle,Shuffle,Shuffle1,120,4/4,drum-machine,1,1,86ab6be18554,1,1,SOURCE_POOL_MACHINE_VERIFY_PROVENANCE,Shuffle/Shuffle1.mid,
722,Drum Machine Patterns,Shuffle,Shuffle,Shuffle1Break,120,12/8,drum-machine,1,1,9d58de6b88ff,1,1,SOURCE_POOL_MACHINE_VERIFY_PROVENANCE,Shuffle/Shuffle1Break.mid,
723,Drum Machine Patterns,Shuffle,Shuffle,Shuffle1MeasureA,120,12/8,drum-machine,1,1,1775ae1e3495,1,1,SOURCE_POOL_MACHINE_VERIFY_PROVENANCE,Shuffle/Shuffle1MeasureA.mid,
724,Drum Machine Patterns,Shuffle,Shuffle,Shuffle1MeasureB,120,12/8,drum-machine,1,1,192862c3c852,1,1,SOURCE_POOL_MACHINE_VERIFY_PROVENANCE,Shuffle/Shuffle1MeasureB.mid,
725,Drum Machine Patterns,Shuffle,Shuffle,Shuffle2,120,4/4,drum-machine,1,1,f3eaf7a54031,1,1,SOURCE_POOL_MACHINE_VERIFY_PROVENANCE,Shuffle/Shuffle2.mid,
726,Drum Machine Patterns,Shuffle,Shuffle,Shuffle2Break,120,12/8,drum-machine,1,1,5738d76c53b5,1,1,SOURCE_POOL_MACHINE_VERIFY_PROVENANCE,Shuffle/Shuffle2Break.mid,
727,Drum Machine Patterns,Shuffle,Shuffle,Shuffle2MeasureA,120,12/8,drum-machine,1,1,c12f2b31a872,1,1,SOURCE_POOL_MACHINE_VERIFY_PROVENANCE,Shuffle/Shuffle2MeasureA.mid,
728,Drum Machine Patterns,Shuffle,Shuffle,Shuffle2MeasureB,120,12/8,drum-machine,1,1,f230f43ac5ec,1,1,SOURCE_POOL_MACHINE_VERIFY_PROVENANCE,Shuffle/Shuffle2MeasureB.mid,
729,Drum Machine Patterns,Shuffle,Shuffle,Shuffle3,120,4/4,drum-machine,1,1,766bda5070ed,1,1,SOURCE_POOL_MACHINE_VERIFY_PROVENANCE,Shuffle/Shuffle3.mid,
730,Drum Machine Patterns,Shuffle,Shuffle,Shuffle4,120,4/4,drum-machine,1,1,8cd601f5769c,1,1,SOURCE_POOL_MACHINE_VERIFY_PROVENANCE,Shuffle/Shuffle4.mid,
731,Drum Machine Patterns,Shuffle,Shuffle,Shuffle5,120,4/4,drum-machine,1,1,61ef768c6160,1,1,SOURCE_POOL_MACHINE_VERIFY_PROVENANCE,Shuffle/Shuffle5.mid,
732,Drum Machine Patterns,Shuffle,Shuffle,Shuffle6,120,4/4,drum-machine,1,1,2e4c2189413b,1,1,SOURCE_POOL_MACHINE_VERIFY_PROVENANCE,Shuffle/Shuffle6.mid,
733,Drum Machine Patterns,Shuffle,Shuffle,ShuffleBreak1,120,4/4,drum-machine,1,1,515abf0c1370,1,1,SOURCE_POOL_MACHINE_VERIFY_PROVENANCE,Shuffle/ShuffleBreak1.mid,
734,Drum Machine Patterns,Shuffle,Shuffle,ShuffleBreak2,120,4/4,drum-machine,1,1,3f156b04a406,1,1,SOURCE_POOL_MACHINE_VERIFY_PROVENANCE,Shuffle/ShuffleBreak2.mid,
735,Drum Machine Patterns,Shuffle,Shuffle,ShuffleBreak3,120,4/4,drum-machine,1,1,0957b66626a1,1,1,SOURCE_POOL_MACHINE_VERIFY_PROVENANCE,Shuffle/ShuffleBreak3.mid,
736,Drum Machine Patterns,Ska,Ska,Ska1,120,4/4,drum-machine,1,1,9921887ac8b3,1,1,SOURCE_POOL_MACHINE_VERIFY_PROVENANCE,Ska/Ska1.mid,
737,Drum Machine Patterns,Ska,Ska,Ska2,120,4/4,drum-machine,1,1,d4f07f44ac7a,1,1,SOURCE_POOL_MACHINE_VERIFY_PROVENANCE,Ska/Ska2.mid,
738,Drum Machine Patterns,Ska,Ska,Ska3,120,4/4,drum-machine,1,1,ddc948901651,1,1,SOURCE_POOL_MACHINE_VERIFY_PROVENANCE,Ska/Ska3.mid,
739,Drum Machine Patterns,Ska,Ska,SkaBreak,120,4/4,drum-machine,1,1,09333cfe4ab5,1,1,SOURCE_POOL_MACHINE_VERIFY_PROVENANCE,Ska/SkaBreak.mid,
740,Drum Machine Patterns,Ska,Ska,SkaBreak1,120,4/4,drum-machine,1,1,8ebe05c6e5b1,1,1,SOURCE_POOL_MACHINE_VERIFY_PROVENANCE,Ska/SkaBreak1.mid,
741,Drum Machine Patterns,Ska,Ska,SkaBreak2,120,4/4,drum-machine,1,1,ec025d46dd24,1,1,SOURCE_POOL_MACHINE_VERIFY_PROVENANCE,Ska/SkaBreak2.mid,
742,Drum Machine Patterns,Ska,Ska,SkaBreak3,120,4/4,drum-machine,1,1,e7a517de8c89,1,1,SOURCE_POOL_MACHINE_VERIFY_PROVENANCE,Ska/SkaBreak3.mid,
743,Drum Machine Patterns,Ska,Ska,SkaMeasureA,120,4/4,drum-machine,1,1,eec517183081,1,1,SOURCE_POOL_MACHINE_VERIFY_PROVENANCE,Ska/SkaMeasureA.mid,
744,Drum Machine Patterns,Ska,Ska,SkaMeasureB,120,4/4,drum-machine,1,1,1f46e6fa9a02,1,1,SOURCE_POOL_MACHINE_VERIFY_PROVENANCE,Ska/SkaMeasureB.mid,
745,Drum Machine Patterns,Slow,Slow,Slow1,120,4/4,drum-machine,1,1,1e31f797620f,1,1,SOURCE_POOL_MACHINE_VERIFY_PROVENANCE,Slow/Slow1.mid,
746,Drum Machine Patterns,Slow,Slow,Slow2,120,4/4,drum-machine,1,1,193327531f8d,2,2,SOURCE_POOL_MACHINE_VERIFY_PROVENANCE,Slow/Slow2.mid,
747,Drum Machine Patterns,Slow,Slow,Slow3,120,4/4,drum-machine,1,1,fea251f88c53,1,1,SOURCE_POOL_MACHINE_VERIFY_PROVENANCE,Slow/Slow3.mid,
748,Drum Machine Patterns,Slow,Slow,Slow4,120,4/4,drum-machine,1,1,a02221a4d806,1,1,SOURCE_POOL_MACHINE_VERIFY_PROVENANCE,Slow/Slow4.mid,
749,Drum Machine Patterns,Slow,Slow,Slow5,120,4/4,drum-machine,1,1,6f8bc4fa8206,1,1,SOURCE_POOL_MACHINE_VERIFY_PROVENANCE,Slow/Slow5.mid,
750,Drum Machine Patterns,Slow,Slow,Slow6,120,4/4,drum-machine,1,1,f65c3381471f,1,1,SOURCE_POOL_MACHINE_VERIFY_PROVENANCE,Slow/Slow6.mid,
751,Drum Machine Patterns,Slow,Slow,Slow7,120,4/4,drum-machine,1,1,ab6b5da456cd,1,1,SOURCE_POOL_MACHINE_VERIFY_PROVENANCE,Slow/Slow7.mid,
752,Drum Machine Patterns,Slow,Slow,Slow8,120,4/4,drum-machine,1,1,cf8d8466bbe8,1,1,SOURCE_POOL_MACHINE_VERIFY_PROVENANCE,Slow/Slow8.mid,
753,Drum Machine Patterns,Slow,Slow,Slow9,120,4/4,drum-machine,1,1,b1e97c56aeb2,1,1,SOURCE_POOL_MACHINE_VERIFY_PROVENANCE,Slow/Slow9.mid,
754,Drum Machine Patterns,Slow,Slow,Slow10,120,4/4,drum-machine,1,1,050351211402,1,1,SOURCE_POOL_MACHINE_VERIFY_PROVENANCE,Slow/Slow10.mid,
755,Drum Machine Patterns,Slow,Slow,Slow11,120,4/4,drum-machine,1,1,2100a011ad63,1,1,SOURCE_POOL_MACHINE_VERIFY_PROVENANCE,Slow/Slow11.mid,
756,Drum Machine Patterns,Slow,Slow,Slow12,120,4/4,drum-machine,1,1,7e5bba044511,1,1,SOURCE_POOL_MACHINE_VERIFY_PROVENANCE,Slow/Slow12.mid,
757,Drum Machine Patterns,Slow,Slow,SlowBreak1,120,4/4,drum-machine,1,1,d72b9fa6fc9f,1,1,SOURCE_POOL_MACHINE_VERIFY_PROVENANCE,Slow/SlowBreak1.mid,
758,Drum Machine Patterns,Slow,Slow,SlowBreak2,120,4/4,drum-machine,1,1,cb53f59284e8,1,1,SOURCE_POOL_MACHINE_VERIFY_PROVENANCE,Slow/SlowBreak2.mid,
759,Drum Machine Patterns,Slow,Slow,SlowBreak3,120,4/4,drum-machine,1,1,31e22d2e3643,1,1,SOURCE_POOL_MACHINE_VERIFY_PROVENANCE,Slow/SlowBreak3.mid,
760,Drum Machine Patterns,Slow,Slow,SlowBreak4,120,4/4,drum-machine,1,1,43982765f6a0,1,1,SOURCE_POOL_MACHINE_VERIFY_PROVENANCE,Slow/SlowBreak4.mid,
761,Drum Machine Patterns,Slow,Slow,SlowBreak5,120,4/4,drum-machine,1,1,b7bae2894fbb,1,1,SOURCE_POOL_MACHINE_VERIFY_PROVENANCE,Slow/SlowBreak5.mid,
762,Drum Machine Patterns,Slow,Slow,SlowBreak6,120,4/4,drum-machine,1,1,8e8bd890560e,1,1,SOURCE_POOL_MACHINE_VERIFY_PROVENANCE,Slow/SlowBreak6.mid,
763,Drum Machine Patterns,Swing,Swing,Swing1,120,4/4,drum-machine,1,1,0627484f3b16,1,1,SOURCE_POOL_MACHINE_VERIFY_PROVENANCE,Swing/Swing1.mid,
764,Drum Machine Patterns,Swing,Swing,Swing1Break,120,12/8,drum-machine,1,1,5c720fea08af,1,1,SOURCE_POOL_MACHINE_VERIFY_PROVENANCE,Swing/Swing1Break.mid,
765,Drum Machine Patterns,Swing,Swing,Swing1MeasureA,120,12/8,drum-machine,1,1,404dd0d97f3b,1,1,SOURCE_POOL_MACHINE_VERIFY_PROVENANCE,Swing/Swing1MeasureA.mid,
766,Drum Machine Patterns,Swing,Swing,Swing1MeasureB,120,12/8,drum-machine,1,1,233cb378918b,1,1,SOURCE_POOL_MACHINE_VERIFY_PROVENANCE,Swing/Swing1MeasureB.mid,
767,Drum Machine Patterns,Swing,Swing,Swing2,120,4/4,drum-machine,1,1,4bd432c44cd0,1,1,SOURCE_POOL_MACHINE_VERIFY_PROVENANCE,Swing/Swing2.mid,
768,Drum Machine Patterns,Swing,Swing,Swing2Break,120,12/8,drum-machine,1,1,7671b95e62eb,1,1,SOURCE_POOL_MACHINE_VERIFY_PROVENANCE,Swing/Swing2Break.mid,
769,Drum Machine Patterns,Swing,Swing,Swing2MeasureA,120,12/8,drum-machine,1,1,5ba0a53edbea,1,1,SOURCE_POOL_MACHINE_VERIFY_PROVENANCE,Swing/Swing2MeasureA.mid,
770,Drum Machine Patterns,Swing,Swing,Swing2MeasureB,120,12/8,drum-machine,1,1,ebfbbad022c6,1,1,SOURCE_POOL_MACHINE_VERIFY_PROVENANCE,Swing/Swing2MeasureB.mid,
771,Drum Machine Patterns,Swing,Swing,Swing3 2,120,4/4,drum-machine,1,1,0d5403602b7f,1,1,SOURCE_POOL_MACHINE_VERIFY_PROVENANCE,Swing/Swing3_2.mid,
772,Drum Machine Patterns,Swing,Swing,Swing3,120,4/4,drum-machine,1,1,bba57cb4b053,1,1,SOURCE_POOL_MACHINE_VERIFY_PROVENANCE,Swing/Swing3.mid,
773,Drum Machine Patterns,Swing,Swing,Swing3Break,120,12/8,drum-machine,1,1,93645f1dba45,1,1,SOURCE_POOL_MACHINE_VERIFY_PROVENANCE,Swing/Swing3Break.mid,
774,Drum Machine Patterns,Swing,Swing,Swing3MeasureA,120,12/8,drum-machine,1,1,5d968f698d7f,1,1,SOURCE_POOL_MACHINE_VERIFY_PROVENANCE,Swing/Swing3MeasureA.mid,
775,Drum Machine Patterns,Swing,Swing,Swing3MeasureB,120,12/8,drum-machine,1,1,126d6c899fbe,1,1,SOURCE_POOL_MACHINE_VERIFY_PROVENANCE,Swing/Swing3MeasureB.mid,
776,Drum Machine Patterns,Swing,Swing,Swing5,120,4/4,drum-machine,1,1,ce60b0360155,1,1,SOURCE_POOL_MACHINE_VERIFY_PROVENANCE,Swing/Swing5.mid,
777,Drum Machine Patterns,Swing,Swing,Swing6,120,4/4,drum-machine,1,1,765b96b4aabb,1,1,SOURCE_POOL_MACHINE_VERIFY_PROVENANCE,Swing/Swing6.mid,
778,Drum Machine Patterns,Swing,Swing,SwingBreak1,120,4/4,drum-machine,1,1,c6b7fcb37093,1,1,SOURCE_POOL_MACHINE_VERIFY_PROVENANCE,Swing/SwingBreak1.mid,
779,Drum Machine Patterns,Swing,Swing,SwingBreak2,120,4/4,drum-machine,1,1,01593e1ed11b,1,1,SOURCE_POOL_MACHINE_VERIFY_PROVENANCE,Swing/SwingBreak2.mid,
780,Drum Machine Patterns,Swing,Swing,SwingBreak3,120,4/4,drum-machine,1,1,852b0a18aa59,1,1,SOURCE_POOL_MACHINE_VERIFY_PROVENANCE,Swing/SwingBreak3.mid,
781,Drum Machine Patterns,Tango,Tango,Tango1,120,4/4,drum-machine,1,1,b7da3edc2493,1,1,SOURCE_POOL_MACHINE_VERIFY_PROVENANCE,Tango/Tango1.mid,
782,Drum Machine Patterns,Tango,Tango,TangoBreak1,120,4/4,drum-machine,1,1,84c7829fa5a7,1,1,SOURCE_POOL_MACHINE_VERIFY_PROVENANCE,Tango/TangoBreak1.mid,
783,Drum Machine Patterns,Twist,Twist,Twist1,120,4/4,drum-machine,1,1,48fffdd4a621,1,1,SOURCE_POOL_MACHINE_VERIFY_PROVENANCE,Twist/Twist1.mid,
784,Drum Machine Patterns,Twist,Twist,Twist1Break,120,4/4,drum-machine,1,1,2440d326f6f0,1,1,SOURCE_POOL_MACHINE_VERIFY_PROVENANCE,Twist/Twist1Break.mid,
785,Drum Machine Patterns,Twist,Twist,Twist1MeasureA,120,4/4,drum-machine,1,1,d95837f794e1,1,1,SOURCE_POOL_MACHINE_VERIFY_PROVENANCE,Twist/Twist1MeasureA.mid,
786,Drum Machine Patterns,Twist,Twist,Twist1MeasureB,120,4/4,drum-machine,1,1,71f33a13fb2c,1,1,SOURCE_POOL_MACHINE_VERIFY_PROVENANCE,Twist/Twist1MeasureB.mid,
787,Drum Machine Patterns,Twist,Twist,Twist2,120,4/4,drum-machine,1,1,6210acdcc816,1,1,SOURCE_POOL_MACHINE_VERIFY_PROVENANCE,Twist/Twist2.mid,
788,Drum Machine Patterns,Twist,Twist,Twist2Break,120,4/4,drum-machine,1,1,00c98df809e0,1,1,SOURCE_POOL_MACHINE_VERIFY_PROVENANCE,Twist/Twist2Break.mid,
789,Drum Machine Patterns,Twist,Twist,Twist2MeasureA,120,4/4,drum-machine,1,1,e1d457b48bea,1,1,SOURCE_POOL_MACHINE_VERIFY_PROVENANCE,Twist/Twist2MeasureA.mid,
790,Drum Machine Patterns,Twist,Twist,Twist2MeasureB,120,4/4,drum-machine,1,1,f2a651df9271,1,1,SOURCE_POOL_MACHINE_VERIFY_PROVENANCE,Twist/Twist2MeasureB.mid,
791,Drum Machine Patterns,Twist,Twist,Twist3,120,4/4,drum-machine,1,1,70e0ec86a6e5,1,1,SOURCE_POOL_MACHINE_VERIFY_PROVENANCE,Twist/Twist3.mid,
792,Drum Machine Patterns,Twist,Twist,TwistBreak1,120,4/4,drum-machine,1,1,640821fdf56a,1,1,SOURCE_POOL_MACHINE_VERIFY_PROVENANCE,Twist/TwistBreak1.mid,
793,Drum Machine Patterns,Twist,Twist,TwistBreak2,120,4/4,drum-machine,1,1,244ecbac687a,1,1,SOURCE_POOL_MACHINE_VERIFY_PROVENANCE,Twist/TwistBreak2.mid,
794,Drum Machine Patterns,Twist,Twist,TwistBreak3,120,4/4,drum-machine,1,1,91e8f118c2b8,1,1,SOURCE_POOL_MACHINE_VERIFY_PROVENANCE,Twist/TwistBreak3.mid,
795,Drum Machine Patterns,Waltz,Waltz,Waltz1,120,3/4,drum-machine,1,1,71b8766f8236,1,1,SOURCE_POOL_MACHINE_VERIFY_PROVENANCE,Waltz/Waltz1.mid,
796,Drum Machine Patterns,Waltz,Waltz,Waltz2,120,3/4,drum-machine,1,1,fbc5f6bcd462,1,1,SOURCE_POOL_MACHINE_VERIFY_PROVENANCE,Waltz/Waltz2.mid,
797,Drum Machine Patterns,Waltz,Waltz,Waltz3,120,3/4,drum-machine,1,1,585d12a209cd,1,1,SOURCE_POOL_MACHINE_VERIFY_PROVENANCE,Waltz/Waltz3.mid,
798,Drum Machine Patterns,Waltz,Waltz,WaltzBreak1,120,3/4,drum-machine,1,1,a0c4e6c920cc,1,1,SOURCE_POOL_MACHINE_VERIFY_PROVENANCE,Waltz/WaltzBreak1.mid,
799,Drum Machine Patterns,Waltz,Waltz,WaltzBreak2,120,3/4,drum-machine,1,1,46b7aa8dbd8c,1,1,SOURCE_POOL_MACHINE_VERIFY_PROVENANCE,Waltz/WaltzBreak2.mid,
800,Drum Machine Patterns,Waltz,Waltz,WaltzBreak3,120,3/4,drum-machine,1,1,da7054930a01,1,1,SOURCE_POOL_MACHINE_VERIFY_PROVENANCE,Waltz/WaltzBreak3.mid,
801,Groove MIDI Dataset,Afro Beat,Afrobeat,3 afrobeat 114 beat 4 4,114,4/4,human-midi,8,8,c5069e96bab2,1,1,SOURCE_POOL_HUMAN_PERFORMANCE,Afro Beat/3_afrobeat_114_beat_4-4.mid,
802,Groove MIDI Dataset,Afro Beat,Afrobeat,4 afrobeat 114 beat 4 4,114,4/4,human-midi,8,8,ecc836d073c6,1,1,SOURCE_POOL_HUMAN_PERFORMANCE,Afro Beat/4_afrobeat_114_beat_4-4.mid,
803,Groove MIDI Dataset,Afro Beat,Afrobeat,11 afrobeat 94 beat 4 4,94,4/4,human-midi,8,8,c387482004fe,1,1,SOURCE_POOL_HUMAN_PERFORMANCE,Afro Beat/11_afrobeat_94_beat_4-4.mid,
804,Groove MIDI Dataset,Afro Beat,Afrobeat,13 afrobeat 103 beat 4 4,103,4/4,human-midi,8,8,3f9ea52ce617,1,1,SOURCE_POOL_HUMAN_PERFORMANCE,Afro Beat/13_afrobeat_103_beat_4-4.mid,
805,Groove MIDI Dataset,Afro Beat,Afrobeat,14 afrobeat 103 beat 4 4,103,4/4,human-midi,8,8,5a34a4764198,1,1,SOURCE_POOL_HUMAN_PERFORMANCE,Afro Beat/14_afrobeat_103_beat_4-4.mid,
806,Groove MIDI Dataset,Afro Beat,Afrobeat,16 afrobeat 90 beat 4 4,90,4/4,human-midi,8,8,c854536b881f,1,1,SOURCE_POOL_HUMAN_PERFORMANCE,Afro Beat/16_afrobeat_90_beat_4-4.mid,
807,Groove MIDI Dataset,Afro Beat,Afrobeat,17 afrobeat 85 beat 4 4,85,4/4,human-midi,8,8,db3b9a3c1740,1,1,SOURCE_POOL_HUMAN_PERFORMANCE,Afro Beat/17_afrobeat_85_beat_4-4.mid,
808,Groove MIDI Dataset,Afro Beat,Afrobeat,17 afrobeat 90 beat 4 4,90,4/4,human-midi,8,8,90614b93cf4d,1,1,SOURCE_POOL_HUMAN_PERFORMANCE,Afro Beat/17_afrobeat_90_beat_4-4.mid,
809,Groove MIDI Dataset,Afro Beat,Afrobeat,18 afrobeat 85 beat 4 4,85,4/4,human-midi,8,8,869a8e60e13c,1,1,SOURCE_POOL_HUMAN_PERFORMANCE,Afro Beat/18_afrobeat_85_beat_4-4.mid,
810,Groove MIDI Dataset,Afro Beat,Afrobeat,21 afrobeat 110 beat 4 4,110,4/4,human-midi,8,8,10917f1a6029,1,1,SOURCE_POOL_HUMAN_PERFORMANCE,Afro Beat/21_afrobeat_110_beat_4-4.mid,
811,Groove MIDI Dataset,Afro Beat,Afrobeat,26 afrobeat 94 beat 4 4,94,4/4,human-midi,8,8,6e30c3cd2a1f,1,1,SOURCE_POOL_HUMAN_PERFORMANCE,Afro Beat/26_afrobeat_94_beat_4-4.mid,
812,Groove MIDI Dataset,Afro Beat,Afrobeat,30 afrobeat 98 beat 4 4,98,4/4,human-midi,8,8,637934f2d90d,1,1,SOURCE_POOL_HUMAN_PERFORMANCE,Afro Beat/30_afrobeat_98_beat_4-4.mid,
813,Groove MIDI Dataset,Afro Beat,Afrobeat,31 afrobeat 98 beat 4 4,98,4/4,human-midi,8,8,2249593cad50,1,1,SOURCE_POOL_HUMAN_PERFORMANCE,Afro Beat/31_afrobeat_98_beat_4-4.mid,
814,Groove MIDI Dataset,Afro Cuban,Afro Cuban,13 afrocuban calypso 124 beat 4 4,124,4/4,human-midi,8,8,b4eee836d213,1,1,SOURCE_POOL_HUMAN_PERFORMANCE,Afro Cuban/13_afrocuban-calypso_124_beat_4-4.mid,
815,Groove MIDI Dataset,Afro Cuban,Afro Cuban,17 afrocuban calypso 108 beat 4 4,108,4/4,human-midi,8,8,e85357135d10,1,1,SOURCE_POOL_HUMAN_PERFORMANCE,Afro Cuban/17_afrocuban-calypso_108_beat_4-4.mid,
816,Groove MIDI Dataset,Afro Cuban,Afro Cuban,18 afrocuban 128 beat 4 4,128,4/4,human-midi,8,8,7b9c886982d2,1,1,SOURCE_POOL_HUMAN_PERFORMANCE,Afro Cuban/18_afrocuban_128_beat_4-4.mid,
817,Groove MIDI Dataset,Afro Cuban,Afro Cuban,112 afrocuban bembe 122 beat 4 4,122,4/4,human-midi,8,8,f1ad98f66aa3,1,1,SOURCE_POOL_HUMAN_PERFORMANCE,Afro Cuban/112_afrocuban-bembe_122_beat_4-4.mid,
818,Groove MIDI Dataset,Afro Cuban,Afro Cuban,137 afrocuban bembe 122 fill 4 4,122,4/4,human-midi,1,1,a962aeae2abe,1,1,SOURCE_POOL_HUMAN_PERFORMANCE,Afro Cuban/137_afrocuban-bembe_122_fill_4-4.mid,
819,Groove MIDI Dataset,Afro Cuban,Afro Cuban,161 afrocuban rhumba 110 beat 4 4,110,4/4,human-midi,8,8,7680fbc18ec1,1,1,SOURCE_POOL_HUMAN_PERFORMANCE,Afro Cuban/161_afrocuban-rhumba_110_beat_4-4.mid,
820,Groove MIDI Dataset,Afro Cuban,Afro Cuban,176 afrocuban 105 beat 4 4,105,4/4,human-midi,8,8,33a27cd5eb4e,1,1,SOURCE_POOL_HUMAN_PERFORMANCE,Afro Cuban/176_afrocuban_105_beat_4-4.mid,
821,Groove MIDI Dataset,Afro Cuban,Afro Cuban,183 afrocuban 105 beat 4 4,105,4/4,human-midi,8,8,8bd7de71b6aa,1,1,SOURCE_POOL_HUMAN_PERFORMANCE,Afro Cuban/183_afrocuban_105_beat_4-4.mid,
822,Groove MIDI Dataset,Blues,Shuffle,6 blues shuffle 134 beat 4 4,134,4/4,human-midi,2,2,f23571517864,1,1,SOURCE_POOL_HUMAN_PERFORMANCE,Blues/6_blues-shuffle_134_beat_4-4.mid,
823,Groove MIDI Dataset,Blues,Shuffle,7 blues shuffle 134 beat 4 4,134,4/4,human-midi,1,1,e17914234243,1,1,SOURCE_POOL_HUMAN_PERFORMANCE,Blues/7_blues-shuffle_134_beat_4-4.mid,
824,Groove MIDI Dataset,Blues,Shuffle,8 blues shuffle 112 beat 4 4,112,4/4,human-midi,2,2,d97468fdc990,1,1,SOURCE_POOL_HUMAN_PERFORMANCE,Blues/8_blues-shuffle_112_beat_4-4.mid,
825,Groove MIDI Dataset,Blues,Shuffle,17 blues shuffle 72 beat 4 4,72,4/4,human-midi,8,8,1bd8f9204fc7,1,1,SOURCE_POOL_HUMAN_PERFORMANCE,Blues/17_blues-shuffle_72_beat_4-4.mid,
826,Groove MIDI Dataset,Country,Country,10 country 114 beat 4 4,114,4/4,human-midi,8,8,a8dca85e2442,1,1,SOURCE_POOL_HUMAN_PERFORMANCE,Country/10_country_114_beat_4-4.mid,
827,Groove MIDI Dataset,Country,Country,20 country 114 fill 4 4,114,4/4,human-midi,1,1,f9d7c1da53ca,1,1,SOURCE_POOL_HUMAN_PERFORMANCE,Country/20_country_114_fill_4-4.mid,
828,Groove MIDI Dataset,Country,Country,80 country 78 beat 4 4,78,4/4,human-midi,8,8,47f966d2ac5b,1,1,SOURCE_POOL_HUMAN_PERFORMANCE,Country/80_country_78_beat_4-4.mid,
829,Groove MIDI Dataset,Dance,Disco,6 dance disco 120 beat 4 4,120,4/4,human-midi,8,8,183ae0fcef32,1,1,SOURCE_POOL_HUMAN_PERFORMANCE,Dance/6_dance-disco_120_beat_4-4.mid,
830,Groove MIDI Dataset,Dance,Disco,7 dance disco 120 beat 4 4,120,4/4,human-midi,8,8,ece10c141f9f,1,1,SOURCE_POOL_HUMAN_PERFORMANCE,Dance/7_dance-disco_120_beat_4-4.mid,
831,Groove MIDI Dataset,Dance,Disco,26 dance disco 137 beat 4 4,137,4/4,human-midi,8,8,744ace3c284e,1,1,SOURCE_POOL_HUMAN_PERFORMANCE,Dance/26_dance-disco_137_beat_4-4.mid,
832,Groove MIDI Dataset,Dance,Disco,27 dance disco 137 beat 4 4,137,4/4,human-midi,8,8,3a515b2c5bc8,1,1,SOURCE_POOL_HUMAN_PERFORMANCE,Dance/27_dance-disco_137_beat_4-4.mid,
833,Groove MIDI Dataset,Dance,Dance,80 dance breakbeat 170 beat 4 4,170,4/4,human-midi,8,8,74a4a285bf8e,1,1,SOURCE_POOL_HUMAN_PERFORMANCE,Dance/80_dance-breakbeat_170_beat_4-4.mid,
834,Groove MIDI Dataset,Dance,Dance,81 dance breakbeat 170 beat 4 4,170,4/4,human-midi,8,8,05b08a1ea2e0,1,1,SOURCE_POOL_HUMAN_PERFORMANCE,Dance/81_dance-breakbeat_170_beat_4-4.mid,
835,Groove MIDI Dataset,Dance,Disco,101 dance disco 120 beat 4 4,120,4/4,human-midi,8,8,1292526561e2,1,1,SOURCE_POOL_HUMAN_PERFORMANCE,Dance/101_dance-disco_120_beat_4-4.mid,
836,Groove MIDI Dataset,Funk,Funk,1 funk 80 beat 4 4,80,4/4,human-midi,8,8,24d07287b40d,1,1,SOURCE_POOL_HUMAN_PERFORMANCE,Funk/1_funk_80_beat_4-4.mid,
837,Groove MIDI Dataset,Funk,Funk,1 funk 92 beat 4 4,92,4/4,human-midi,8,8,da0508a98c59,1,1,SOURCE_POOL_HUMAN_PERFORMANCE,Funk/1_funk_92_beat_4-4.mid,
838,Groove MIDI Dataset,Funk,Funk,1 funk 95 beat 4 4,95,4/4,human-midi,8,8,0360c9b4221a,1,1,SOURCE_POOL_HUMAN_PERFORMANCE,Funk/1_funk_95_beat_4-4.mid,
839,Groove MIDI Dataset,Funk,Funk,2 funk 80 beat 4 4,80,4/4,human-midi,8,8,ecc236f19861,1,1,SOURCE_POOL_HUMAN_PERFORMANCE,Funk/2_funk_80_beat_4-4.mid,
840,Groove MIDI Dataset,Funk,Funk,2 funk 92 beat 4 4,92,4/4,human-midi,8,8,4eebd15c1d3b,1,1,SOURCE_POOL_HUMAN_PERFORMANCE,Funk/2_funk_92_beat_4-4.mid,
841,Groove MIDI Dataset,Funk,Funk,2 funk 95 beat 4 4,95,4/4,human-midi,8,8,b2d78f6227b8,1,1,SOURCE_POOL_HUMAN_PERFORMANCE,Funk/2_funk_95_beat_4-4.mid,
842,Groove MIDI Dataset,Funk,Funk,3 funk 80 beat 4 4,80,4/4,human-midi,8,8,52b546ca0557,1,1,SOURCE_POOL_HUMAN_PERFORMANCE,Funk/3_funk_80_beat_4-4.mid,
843,Groove MIDI Dataset,Funk,Funk,5 funk 91 beat 4 4,91,4/4,human-midi,8,8,5b9ed3867939,1,1,SOURCE_POOL_HUMAN_PERFORMANCE,Funk/5_funk_91_beat_4-4.mid,
844,Groove MIDI Dataset,Funk,Funk,6 funk 80 beat 4 4,80,4/4,human-midi,8,8,693b459e845f,1,1,SOURCE_POOL_HUMAN_PERFORMANCE,Funk/6_funk_80_beat_4-4.mid,
845,Groove MIDI Dataset,Funk,Funk,6 funk 91 beat 4 4,91,4/4,human-midi,8,8,1f9f90cf0d37,1,1,SOURCE_POOL_HUMAN_PERFORMANCE,Funk/6_funk_91_beat_4-4.mid,
846,Groove MIDI Dataset,Funk,Funk,7 funk 80 beat 4 4,80,4/4,human-midi,8,8,c099b6045a44,1,1,SOURCE_POOL_HUMAN_PERFORMANCE,Funk/7_funk_80_beat_4-4.mid,
847,Groove MIDI Dataset,Funk,Funk,8 funk 96 beat 4 4,96,4/4,human-midi,8,8,ce94dc34429e,1,1,SOURCE_POOL_HUMAN_PERFORMANCE,Funk/8_funk_96_beat_4-4.mid,
848,Groove MIDI Dataset,Funk,Funk,9 funk 96 beat 4 4,96,4/4,human-midi,8,8,a40a5352f977,1,1,SOURCE_POOL_HUMAN_PERFORMANCE,Funk/9_funk_96_beat_4-4.mid,
849,Groove MIDI Dataset,Funk,Funk,11 funk 81 beat 4 4,81,4/4,human-midi,8,8,6564531c469d,1,1,SOURCE_POOL_HUMAN_PERFORMANCE,Funk/11_funk_81_beat_4-4.mid,
850,Groove MIDI Dataset,Funk,Funk,12 funk 81 beat 4 4,81,4/4,human-midi,8,8,32ec13c04055,1,1,SOURCE_POOL_HUMAN_PERFORMANCE,Funk/12_funk_81_beat_4-4.mid,
851,Groove MIDI Dataset,Funk,Funk,12 funk 102 beat 4 4,102,4/4,human-midi,8,8,783f34c7b0b5,1,1,SOURCE_POOL_HUMAN_PERFORMANCE,Funk/12_funk_102_beat_4-4.mid,
852,Groove MIDI Dataset,Funk,Funk,13 funk 102 beat 4 4,102,4/4,human-midi,8,8,8ea3a6c87bdc,1,1,SOURCE_POOL_HUMAN_PERFORMANCE,Funk/13_funk_102_beat_4-4.mid,
853,Groove MIDI Dataset,Funk,Funk,15 funk 95 beat 4 4,95,4/4,human-midi,8,8,d35f7f1a7552,1,1,SOURCE_POOL_HUMAN_PERFORMANCE,Funk/15_funk_95_beat_4-4.mid,
854,Groove MIDI Dataset,Funk,Funk,15 funk 100 beat 4 4,100,4/4,human-midi,8,8,1da4e7ad130a,1,1,SOURCE_POOL_HUMAN_PERFORMANCE,Funk/15_funk_100_beat_4-4.mid,
855,Groove MIDI Dataset,Funk,Funk,15 funk 117 beat 4 4,117,4/4,human-midi,8,8,a9e35f5ca116,1,1,SOURCE_POOL_HUMAN_PERFORMANCE,Funk/15_funk_117_beat_4-4.mid,
856,Groove MIDI Dataset,Funk,Funk,16 funk 95 beat 4 4,95,4/4,human-midi,8,8,3d4ff06c443b,1,1,SOURCE_POOL_HUMAN_PERFORMANCE,Funk/16_funk_95_beat_4-4.mid,
857,Groove MIDI Dataset,Funk,Funk,16 funk 117 beat 4 4,117,4/4,human-midi,8,8,dc44bebb2ab9,1,1,SOURCE_POOL_HUMAN_PERFORMANCE,Funk/16_funk_117_beat_4-4.mid,
858,Groove MIDI Dataset,Funk,Funk,18 funk 108 beat 4 4,108,4/4,human-midi,8,8,23820e79537f,1,1,SOURCE_POOL_HUMAN_PERFORMANCE,Funk/18_funk_108_beat_4-4.mid,
859,Groove MIDI Dataset,Funk,Funk,19 funk 108 beat 4 4,108,4/4,human-midi,8,8,90b765693efb,1,1,SOURCE_POOL_HUMAN_PERFORMANCE,Funk/19_funk_108_beat_4-4.mid,
860,Groove MIDI Dataset,Funk,Funk,22 funk 115 beat 4 4,115,4/4,human-midi,8,8,63655c0a3444,1,1,SOURCE_POOL_HUMAN_PERFORMANCE,Funk/22_funk_115_beat_4-4.mid,
861,Groove MIDI Dataset,Funk,Funk,24 funk latin 100 beat 4 4,100,4/4,human-midi,8,8,8b0d20b2a8f4,1,1,SOURCE_POOL_HUMAN_PERFORMANCE,Funk/24_funk-latin_100_beat_4-4.mid,
862,Groove MIDI Dataset,Funk,Funk,25 funk latin 100 beat 4 4,100,4/4,human-midi,8,8,371f8517b582,1,1,SOURCE_POOL_HUMAN_PERFORMANCE,Funk/25_funk-latin_100_beat_4-4.mid,
863,Groove MIDI Dataset,Funk,Funk,47 funk 112 beat 4 4,112,4/4,human-midi,8,8,020c705d04bb,1,1,SOURCE_POOL_HUMAN_PERFORMANCE,Funk/47_funk_112_beat_4-4.mid,
864,Groove MIDI Dataset,Funk,Funk,48 funk 112 beat 4 4,112,4/4,human-midi,3,3,02e41abc7d4a,1,1,SOURCE_POOL_HUMAN_PERFORMANCE,Funk/48_funk_112_beat_4-4.mid,
865,Groove MIDI Dataset,Funk,Funk,49 funk 112 beat 4 4,112,4/4,human-midi,8,8,fa07dc859201,1,1,SOURCE_POOL_HUMAN_PERFORMANCE,Funk/49_funk_112_beat_4-4.mid,
866,Groove MIDI Dataset,Funk,Funk,64 funk 112 beat 4 4,112,4/4,human-midi,8,8,d06e1acdd2fd,1,1,SOURCE_POOL_HUMAN_PERFORMANCE,Funk/64_funk_112_beat_4-4.mid,
867,Groove MIDI Dataset,Funk,Funk,65 funk 112 beat 4 4,112,4/4,human-midi,8,8,9c916685ae43,1,1,SOURCE_POOL_HUMAN_PERFORMANCE,Funk/65_funk_112_beat_4-4.mid,
868,Groove MIDI Dataset,Funk,Funk,72 funk 100 beat 4 4,100,4/4,human-midi,8,8,4488e9dd9048,1,1,SOURCE_POOL_HUMAN_PERFORMANCE,Funk/72_funk_100_beat_4-4.mid,
869,Groove MIDI Dataset,Funk,Funk,76 funk 100 beat 4 4,100,4/4,human-midi,1,1,460eb3d04754,1,1,SOURCE_POOL_HUMAN_PERFORMANCE,Funk/76_funk_100_beat_4-4.mid,
870,Groove MIDI Dataset,Funk,Funk,77 funk 100 beat 4 4,100,4/4,human-midi,2,2,995aaf48eef1,1,1,SOURCE_POOL_HUMAN_PERFORMANCE,Funk/77_funk_100_beat_4-4.mid,
871,Groove MIDI Dataset,Funk,Funk,78 funk 100 beat 4 4,100,4/4,human-midi,1,1,ec5b72567926,1,1,SOURCE_POOL_HUMAN_PERFORMANCE,Funk/78_funk_100_beat_4-4.mid,
872,Groove MIDI Dataset,Funk,Funk,79 funk 100 beat 4 4,100,4/4,human-midi,5,5,df964cb63731,1,1,SOURCE_POOL_HUMAN_PERFORMANCE,Funk/79_funk_100_beat_4-4.mid,
873,Groove MIDI Dataset,Funk,Funk,90 funk rock 92 beat 4 4,92,4/4,human-midi,8,8,dbb95694466d,1,1,SOURCE_POOL_HUMAN_PERFORMANCE,Funk/90_funk-rock_92_beat_4-4.mid,
874,Groove MIDI Dataset,Funk,Funk,102 funk 95 beat 4 4,95,4/4,human-midi,8,8,900649bea706,1,1,SOURCE_POOL_HUMAN_PERFORMANCE,Funk/102_funk_95_beat_4-4.mid,
875,Groove MIDI Dataset,Funk,Funk,126 funk fast 125 beat 4 4,125,4/4,human-midi,8,8,0db7166e3c60,1,1,SOURCE_POOL_HUMAN_PERFORMANCE,Funk/126_funk-fast_125_beat_4-4.mid,
876,Groove MIDI Dataset,Funk,Shuffle,239 funk purdieshuffle 130 beat 4 4,130,4/4,human-midi,8,8,ad5f849398d5,1,1,SOURCE_POOL_HUMAN_PERFORMANCE,Funk/239_funk-purdieshuffle_130_beat_4-4.mid,
877,Groove MIDI Dataset,Gospel,Gospel,142 gospel 120 beat 4 4,120,4/4,human-midi,8,8,6b19a75b61d5,1,1,SOURCE_POOL_HUMAN_PERFORMANCE,Gospel/142_gospel_120_beat_4-4.mid,
878,Groove MIDI Dataset,Gospel,Gospel,155 gospel 120 fill 4 4,120,4/4,human-midi,1,1,59f30a8d7b21,1,1,SOURCE_POOL_HUMAN_PERFORMANCE,Gospel/155_gospel_120_fill_4-4.mid,
879,Groove MIDI Dataset,High Life,Highlife,41 highlife 126 beat 4 4,126,4/4,human-midi,8,8,aab23aea9d35,1,1,SOURCE_POOL_HUMAN_PERFORMANCE,High Life/41_highlife_126_beat_4-4.mid,
880,Groove MIDI Dataset,High Life,Highlife,42 highlife 126 beat 4 4,126,4/4,human-midi,8,8,c55648564e7d,1,1,SOURCE_POOL_HUMAN_PERFORMANCE,High Life/42_highlife_126_beat_4-4.mid,
881,Groove MIDI Dataset,Hip Hop,Hip-Hop,3 hiphop 90 beat 4 4,90,4/4,human-midi,8,8,81a57a82f60d,1,1,SOURCE_POOL_HUMAN_PERFORMANCE,Hip Hop/3_hiphop_90_beat_4-4.mid,
882,Groove MIDI Dataset,Hip Hop,Hip-Hop,4 hiphop 90 beat 4 4,90,4/4,human-midi,8,8,bcca7da2e9ef,1,1,SOURCE_POOL_HUMAN_PERFORMANCE,Hip Hop/4_hiphop_90_beat_4-4.mid,
883,Groove MIDI Dataset,Hip Hop,Hip-Hop,5 hiphop 90 beat 4 4,90,4/4,human-midi,8,8,9d2a55018013,1,1,SOURCE_POOL_HUMAN_PERFORMANCE,Hip Hop/5_hiphop_90_beat_4-4.mid,
884,Groove MIDI Dataset,Hip Hop,Hip-Hop,9 hiphop 86 beat 4 4,86,4/4,human-midi,8,8,26c896d688da,1,1,SOURCE_POOL_HUMAN_PERFORMANCE,Hip Hop/9_hiphop_86_beat_4-4.mid,
885,Groove MIDI Dataset,Hip Hop,Hip-Hop,10 hiphop 86 beat 4 4,86,4/4,human-midi,8,8,225f0fd8d07c,1,1,SOURCE_POOL_HUMAN_PERFORMANCE,Hip Hop/10_hiphop_86_beat_4-4.mid,
886,Groove MIDI Dataset,Hip Hop,Hip-Hop,14 hiphop 94 beat 4 4,94,4/4,human-midi,8,8,bf6675dde4b1,1,1,SOURCE_POOL_HUMAN_PERFORMANCE,Hip Hop/14_hiphop_94_beat_4-4.mid,
887,Groove MIDI Dataset,Hip Hop,Hip-Hop,15 hiphop 94 beat 4 4,94,4/4,human-midi,8,8,012a1bf1dae3,1,1,SOURCE_POOL_HUMAN_PERFORMANCE,Hip Hop/15_hiphop_94_beat_4-4.mid,
888,Groove MIDI Dataset,Hip Hop,Hip-Hop,16 hiphop 100 beat 4 4,100,4/4,human-midi,8,8,b6cec48b7f33,1,1,SOURCE_POOL_HUMAN_PERFORMANCE,Hip Hop/16_hiphop_100_beat_4-4.mid,
889,Groove MIDI Dataset,Hip Hop,Hip-Hop,17 hiphop 100 beat 4 4,100,4/4,human-midi,8,8,c8b7c162deb2,1,1,SOURCE_POOL_HUMAN_PERFORMANCE,Hip Hop/17_hiphop_100_beat_4-4.mid,
890,Groove MIDI Dataset,Hip Hop,Hip-Hop,18 hiphop 100 beat 4 4,100,4/4,human-midi,5,5,862f7c562804,1,1,SOURCE_POOL_HUMAN_PERFORMANCE,Hip Hop/18_hiphop_100_beat_4-4.mid,
891,Groove MIDI Dataset,Hip Hop,Hip-Hop,22 hiphop 100 beat 4 4,100,4/4,human-midi,5,5,58ca9006caa7,1,1,SOURCE_POOL_HUMAN_PERFORMANCE,Hip Hop/22_hiphop_100_beat_4-4.mid,
892,Groove MIDI Dataset,Hip Hop,Hip-Hop,23 hiphop 70 beat 4 4,70,4/4,human-midi,8,8,6dff43a40f17,1,1,SOURCE_POOL_HUMAN_PERFORMANCE,Hip Hop/23_hiphop_70_beat_4-4.mid,
893,Groove MIDI Dataset,Hip Hop,Hip-Hop,24 hiphop 67 beat 4 4,67,4/4,human-midi,8,8,3bcea8d68ee3,1,1,SOURCE_POOL_HUMAN_PERFORMANCE,Hip Hop/24_hiphop_67_beat_4-4.mid,
894,Groove MIDI Dataset,Hip Hop,Hip-Hop,25 hiphop 92 beat 4 4,92,4/4,human-midi,8,8,42cec8abf540,1,1,SOURCE_POOL_HUMAN_PERFORMANCE,Hip Hop/25_hiphop_92_beat_4-4.mid,
895,Groove MIDI Dataset,Hip Hop,Hip-Hop,25 hiphop 100 fill 4 4,100,4/4,human-midi,1,1,9fe78c85c138,1,1,SOURCE_POOL_HUMAN_PERFORMANCE,Hip Hop/25_hiphop_100_fill_4-4.mid,
896,Groove MIDI Dataset,Hip Hop,Hip-Hop,26 hiphop 92 beat 4 4,92,4/4,human-midi,8,8,fa00d88583cf,1,1,SOURCE_POOL_HUMAN_PERFORMANCE,Hip Hop/26_hiphop_92_beat_4-4.mid,
897,Groove MIDI Dataset,Hip Hop,Hip-Hop,31 hiphop 92 beat 4 4,92,4/4,human-midi,3,3,2707bf40d8fd,1,1,SOURCE_POOL_HUMAN_PERFORMANCE,Hip Hop/31_hiphop_92_beat_4-4.mid,
898,Groove MIDI Dataset,Hip Hop,Hip-Hop,32 hiphop 92 beat 4 4,92,4/4,human-midi,2,2,e9fd67aeb4b5,1,1,SOURCE_POOL_HUMAN_PERFORMANCE,Hip Hop/32_hiphop_92_beat_4-4.mid,
899,Groove MIDI Dataset,Hip Hop,Hip-Hop,33 hiphop 92 beat 4 4,92,4/4,human-midi,1,1,bf551e7e1d20,1,1,SOURCE_POOL_HUMAN_PERFORMANCE,Hip Hop/33_hiphop_92_beat_4-4.mid,
900,Groove MIDI Dataset,Hip Hop,Hip-Hop,38 hiphop 67 beat 4 4,67,4/4,human-midi,8,8,d31770126103,1,1,SOURCE_POOL_HUMAN_PERFORMANCE,Hip Hop/38_hiphop_67_beat_4-4.mid,
901,Groove MIDI Dataset,Hip Hop,Hip-Hop,38 hiphop 100 beat 4 4,100,4/4,human-midi,6,6,46b05037e736,1,1,SOURCE_POOL_HUMAN_PERFORMANCE,Hip Hop/38_hiphop_100_beat_4-4.mid,
902,Groove MIDI Dataset,Hip Hop,Hip-Hop,39 hiphop 100 beat 4 4,100,4/4,human-midi,5,5,09d192a075a2,1,1,SOURCE_POOL_HUMAN_PERFORMANCE,Hip Hop/39_hiphop_100_beat_4-4.mid,
903,Groove MIDI Dataset,Hip Hop,Hip-Hop,40 hiphop 100 beat 4 4,100,4/4,human-midi,4,4,15893329ee5b,1,1,SOURCE_POOL_HUMAN_PERFORMANCE,Hip Hop/40_hiphop_100_beat_4-4.mid,
904,Groove MIDI Dataset,Hip Hop,Hip-Hop,40 hiphop 110 beat 4 4,110,4/4,human-midi,4,4,7310168b821d,1,1,SOURCE_POOL_HUMAN_PERFORMANCE,Hip Hop/40_hiphop_110_beat_4-4.mid,
905,Groove MIDI Dataset,Hip Hop,Hip-Hop,41 hiphop 110 beat 4 4,110,4/4,human-midi,1,1,70904358844f,1,1,SOURCE_POOL_HUMAN_PERFORMANCE,Hip Hop/41_hiphop_110_beat_4-4.mid,
906,Groove MIDI Dataset,Hip Hop,Hip-Hop,87 hiphop 75 beat 4 4,75,4/4,human-midi,8,8,c97b2f6b1fad,1,1,SOURCE_POOL_HUMAN_PERFORMANCE,Hip Hop/87_hiphop_75_beat_4-4.mid,
907,Groove MIDI Dataset,Hip Hop,Hip-Hop,92 hiphop 70 beat 4 4,70,4/4,human-midi,8,8,40dcf98883cc,1,1,SOURCE_POOL_HUMAN_PERFORMANCE,Hip Hop/92_hiphop_70_beat_4-4.mid,
908,Groove MIDI Dataset,Hip Hop,Hip-Hop,92 hiphop 75 beat 4 4,75,4/4,human-midi,2,2,ba52b85107f1,1,1,SOURCE_POOL_HUMAN_PERFORMANCE,Hip Hop/92_hiphop_75_beat_4-4.mid,
909,Groove MIDI Dataset,Hip Hop,Hip-Hop,93 hiphop 75 beat 4 4,75,4/4,human-midi,4,4,233566cca9c7,1,1,SOURCE_POOL_HUMAN_PERFORMANCE,Hip Hop/93_hiphop_75_beat_4-4.mid,
910,Groove MIDI Dataset,Hip Hop,Hip-Hop,106 hiphop 70 beat 4 4,70,4/4,human-midi,8,8,fc348379be6f,1,1,SOURCE_POOL_HUMAN_PERFORMANCE,Hip Hop/106_hiphop_70_beat_4-4.mid,
911,Groove MIDI Dataset,Hip Hop,Hip-Hop,123 hiphop 140 beat 4 4,140,4/4,human-midi,8,8,4c5411edbd9b,1,1,SOURCE_POOL_HUMAN_PERFORMANCE,Hip Hop/123_hiphop_140_beat_4-4.mid,
912,Groove MIDI Dataset,Jazz,Swing,1 jazz swing 124 beat 4 4,124,4/4,human-midi,8,8,95fec85c49b0,1,1,SOURCE_POOL_HUMAN_PERFORMANCE,Jazz/1_jazz-swing_124_beat_4-4.mid,
913,Groove MIDI Dataset,Jazz,Jazz,2 jazz 158 beat 4 4,158,4/4,human-midi,8,8,0686ff450b6f,1,1,SOURCE_POOL_HUMAN_PERFORMANCE,Jazz/2_jazz_158_beat_4-4.mid,
914,Groove MIDI Dataset,Jazz,Swing,2 jazz swing 185 beat 4 4,185,4/4,human-midi,8,8,735406864ba4,1,1,SOURCE_POOL_HUMAN_PERFORMANCE,Jazz/2_jazz-swing_185_beat_4-4.mid,
915,Groove MIDI Dataset,Jazz,Swing,2 jazz swing 215 beat 4 4,215,4/4,human-midi,8,8,3d2515b34b5c,1,1,SOURCE_POOL_HUMAN_PERFORMANCE,Jazz/2_jazz-swing_215_beat_4-4.mid,
916,Groove MIDI Dataset,Jazz,Jazz,3 jazz klezmer 152 beat 4 4,152,4/4,human-midi,8,8,c8138f6e8dde,1,1,SOURCE_POOL_HUMAN_PERFORMANCE,Jazz/3_jazz-klezmer_152_beat_4-4.mid,
917,Groove MIDI Dataset,Jazz,Swing,3 jazz swing 215 beat 4 4,215,4/4,human-midi,8,8,e27a09138e2d,1,1,SOURCE_POOL_HUMAN_PERFORMANCE,Jazz/3_jazz-swing_215_beat_4-4.mid,
918,Groove MIDI Dataset,Jazz,Jazz,4 jazz 120 beat 3 4,120,3/4,human-midi,8,8,b2f9ea2660bf,1,1,SOURCE_POOL_HUMAN_PERFORMANCE,Jazz/4_jazz_120_beat_3-4.mid,
919,Groove MIDI Dataset,Jazz,Funk,4 jazz funk 116 beat 4 4,116,4/4,human-midi,8,8,79c0d0a35e1e,1,1,SOURCE_POOL_HUMAN_PERFORMANCE,Jazz/4_jazz-funk_116_beat_4-4.mid,
920,Groove MIDI Dataset,Jazz,Jazz,4 jazz linear 182 beat 4 4,182,4/4,human-midi,8,8,3575ef28b3ec,1,1,SOURCE_POOL_HUMAN_PERFORMANCE,Jazz/4_jazz-linear_182_beat_4-4.mid,
921,Groove MIDI Dataset,Jazz,Swing,4 jazz swing 215 beat 4 4,215,4/4,human-midi,8,8,e6f8ca41918b,1,1,SOURCE_POOL_HUMAN_PERFORMANCE,Jazz/4_jazz-swing_215_beat_4-4.mid,
922,Groove MIDI Dataset,Jazz,Jazz,5 jazz 200 beat 3 4,200,3/4,human-midi,8,8,4986a8ffd311,1,1,SOURCE_POOL_HUMAN_PERFORMANCE,Jazz/5_jazz_200_beat_3-4.mid,
923,Groove MIDI Dataset,Jazz,Funk,5 jazz funk 116 beat 4 4,116,4/4,human-midi,8,8,87bcd6b61632,1,1,SOURCE_POOL_HUMAN_PERFORMANCE,Jazz/5_jazz-funk_116_beat_4-4.mid,
924,Groove MIDI Dataset,Jazz,Jazz,5 jazz linear 128 beat 4 4,128,4/4,human-midi,8,8,969c8b25c50a,1,1,SOURCE_POOL_HUMAN_PERFORMANCE,Jazz/5_jazz-linear_128_beat_4-4.mid,
925,Groove MIDI Dataset,Jazz,Swing,5 jazz swing 215 beat 4 4,215,4/4,human-midi,8,8,cbd790875234,1,1,SOURCE_POOL_HUMAN_PERFORMANCE,Jazz/5_jazz-swing_215_beat_4-4.mid,
926,Groove MIDI Dataset,Jazz,Swing,6 jazz swing 215 beat 4 4,215,4/4,human-midi,8,8,e7d1b22388d3,1,1,SOURCE_POOL_HUMAN_PERFORMANCE,Jazz/6_jazz-swing_215_beat_4-4.mid,
927,Groove MIDI Dataset,Jazz,Jazz,7 jazz march 88 beat 4 4,88,4/4,human-midi,8,8,9d94d4080f8e,1,1,SOURCE_POOL_HUMAN_PERFORMANCE,Jazz/7_jazz-march_88_beat_4-4.mid,
928,Groove MIDI Dataset,Jazz,Swing,7 jazz swing 215 beat 4 4,215,4/4,human-midi,8,8,e1fc0b4bda78,1,1,SOURCE_POOL_HUMAN_PERFORMANCE,Jazz/7_jazz-swing_215_beat_4-4.mid,
929,Groove MIDI Dataset,Jazz,Jazz,8 jazz 105 beat 4 4,105,4/4,human-midi,8,8,a53da2680a54,1,1,SOURCE_POOL_HUMAN_PERFORMANCE,Jazz/8_jazz_105_beat_4-4.mid,
930,Groove MIDI Dataset,Jazz,Jazz,8 jazz march 176 beat 4 4,176,4/4,human-midi,8,8,f92a907ecec0,1,1,SOURCE_POOL_HUMAN_PERFORMANCE,Jazz/8_jazz-march_176_beat_4-4.mid,
931,Groove MIDI Dataset,Jazz,Swing,8 jazz swing 215 beat 4 4,215,4/4,human-midi,8,8,baa5e0d6c0f8,1,1,SOURCE_POOL_HUMAN_PERFORMANCE,Jazz/8_jazz-swing_215_beat_4-4.mid,
932,Groove MIDI Dataset,Jazz,Jazz,9 jazz march 120 beat 4 4,120,4/4,human-midi,8,8,7a7cf2bc94da,1,1,SOURCE_POOL_HUMAN_PERFORMANCE,Jazz/9_jazz-march_120_beat_4-4.mid,
933,Groove MIDI Dataset,Jazz,Swing,9 jazz swing 110 beat 4 4,110,4/4,human-midi,8,8,4be0b475423e,1,1,SOURCE_POOL_HUMAN_PERFORMANCE,Jazz/9_jazz-swing_110_beat_4-4.mid,
934,Groove MIDI Dataset,Jazz,Swing,10 jazz swing 110 beat 4 4,110,4/4,human-midi,8,8,4957ed7aaffa,1,1,SOURCE_POOL_HUMAN_PERFORMANCE,Jazz/10_jazz-swing_110_beat_4-4.mid,
935,Groove MIDI Dataset,Jazz,Jazz,14 jazz 100 beat 4 4,100,4/4,human-midi,8,8,bea3d7837852,1,1,SOURCE_POOL_HUMAN_PERFORMANCE,Jazz/14_jazz_100_beat_4-4.mid,
936,Groove MIDI Dataset,Jazz,Jazz,15 jazz 112 beat 4 4,112,4/4,human-midi,8,8,a44d85852863,1,1,SOURCE_POOL_HUMAN_PERFORMANCE,Jazz/15_jazz_112_beat_4-4.mid,
937,Groove MIDI Dataset,Jazz,Jazz,15 jazz 120 beat 4 4,120,4/4,human-midi,8,8,7563686be629,1,1,SOURCE_POOL_HUMAN_PERFORMANCE,Jazz/15_jazz_120_beat_4-4.mid,
938,Groove MIDI Dataset,Jazz,Jazz,16 jazz 120 beat 4 4,120,4/4,human-midi,8,8,be0984d37da0,1,1,SOURCE_POOL_HUMAN_PERFORMANCE,Jazz/16_jazz_120_beat_4-4.mid,
939,Groove MIDI Dataset,Jazz,Jazz,17 jazz 120 beat 4 4,120,4/4,human-midi,1,1,a1fd213f1191,1,1,SOURCE_POOL_HUMAN_PERFORMANCE,Jazz/17_jazz_120_beat_4-4.mid,
940,Groove MIDI Dataset,Jazz,Jazz,19 jazz 120 beat 4 4,120,4/4,human-midi,3,3,ded0c89611e6,1,1,SOURCE_POOL_HUMAN_PERFORMANCE,Jazz/19_jazz_120_beat_4-4.mid,
941,Groove MIDI Dataset,Jazz,Jazz,21 jazz 120 beat 4 4,120,4/4,human-midi,2,2,f6b064891fa6,1,1,SOURCE_POOL_HUMAN_PERFORMANCE,Jazz/21_jazz_120_beat_4-4.mid,
942,Groove MIDI Dataset,Jazz,Jazz,22 jazz 120 beat 4 4,120,4/4,human-midi,8,8,b84b11b77b42,1,1,SOURCE_POOL_HUMAN_PERFORMANCE,Jazz/22_jazz_120_beat_4-4.mid,
943,Groove MIDI Dataset,Jazz,Jazz,23 jazz 120 beat 4 4,120,4/4,human-midi,2,2,1130fda6f7c6,1,1,SOURCE_POOL_HUMAN_PERFORMANCE,Jazz/23_jazz_120_beat_4-4.mid,
944,Groove MIDI Dataset,Jazz,Jazz,27 jazz 92 beat 4 4,92,4/4,human-midi,1,1,aa5b1720b7ec,1,1,SOURCE_POOL_HUMAN_PERFORMANCE,Jazz/27_jazz_92_beat_4-4.mid,
945,Groove MIDI Dataset,Jazz,Jazz,31 jazz 120 beat 4 4,120,4/4,human-midi,1,1,6f46eccb880b,1,1,SOURCE_POOL_HUMAN_PERFORMANCE,Jazz/31_jazz_120_beat_4-4.mid,
946,Groove MIDI Dataset,Jazz,Jazz,32 jazz 120 beat 4 4,120,4/4,human-midi,3,3,b9feec6d5b8a,1,1,SOURCE_POOL_HUMAN_PERFORMANCE,Jazz/32_jazz_120_beat_4-4.mid,
947,Groove MIDI Dataset,Jazz,Jazz,33 jazz 120 beat 4 4,120,4/4,human-midi,2,2,69a0509f876c,1,1,SOURCE_POOL_HUMAN_PERFORMANCE,Jazz/33_jazz_120_beat_4-4.mid,
948,Groove MIDI Dataset,Jazz,Jazz,39 jazz 120 beat 4 4,120,4/4,human-midi,2,2,0f71cfd86097,1,1,SOURCE_POOL_HUMAN_PERFORMANCE,Jazz/39_jazz_120_beat_4-4.mid,
949,Groove MIDI Dataset,Jazz,Jazz,47 jazz 102 beat 4 4,102,4/4,human-midi,8,8,ed4e08624e86,1,1,SOURCE_POOL_HUMAN_PERFORMANCE,Jazz/47_jazz_102_beat_4-4.mid,
950,Groove MIDI Dataset,Jazz,Jazz,48 jazz 93 beat 4 4,93,4/4,human-midi,8,8,406e2b7e7203,1,1,SOURCE_POOL_HUMAN_PERFORMANCE,Jazz/48_jazz_93_beat_4-4.mid,
951,Groove MIDI Dataset,Jazz,Jazz,49 jazz 125 beat 4 4,125,4/4,human-midi,8,8,d51e7b7ef64e,1,1,SOURCE_POOL_HUMAN_PERFORMANCE,Jazz/49_jazz_125_beat_4-4.mid,
952,Groove MIDI Dataset,Jazz,Jazz,50 jazz 125 beat 4 4,125,4/4,human-midi,8,8,0e2c393903a7,1,1,SOURCE_POOL_HUMAN_PERFORMANCE,Jazz/50_jazz_125_beat_4-4.mid,
953,Groove MIDI Dataset,Jazz,Jazz,52 jazz 125 beat 4 4,125,4/4,human-midi,8,8,00a34b81cbec,1,1,SOURCE_POOL_HUMAN_PERFORMANCE,Jazz/52_jazz_125_beat_4-4.mid,
954,Groove MIDI Dataset,Jazz,Jazz,75 jazz 125 beat 4 4,125,4/4,human-midi,8,8,7d696699fde7,1,1,SOURCE_POOL_HUMAN_PERFORMANCE,Jazz/75_jazz_125_beat_4-4.mid,
955,Groove MIDI Dataset,Jazz,Jazz,76 jazz mediumfast 180 beat 4 4,180,4/4,human-midi,3,3,8800e4d9f33b,1,1,SOURCE_POOL_HUMAN_PERFORMANCE,Jazz/76_jazz-mediumfast_180_beat_4-4.mid,
956,Groove MIDI Dataset,Jazz,Jazz,77 jazz mediumfast 180 beat 4 4,180,4/4,human-midi,8,8,897aa6627fad,1,1,SOURCE_POOL_HUMAN_PERFORMANCE,Jazz/77_jazz-mediumfast_180_beat_4-4.mid,
957,Groove MIDI Dataset,Jazz,Jazz,78 jazz fast 290 beat 4 4,240,4/4,human-midi,8,8,4d7e815a6b02,1,1,SOURCE_POOL_HUMAN_PERFORMANCE,Jazz/78_jazz-fast_290_beat_4-4.mid,
958,Groove MIDI Dataset,Jazz,Jazz,112 jazz fusion 96 beat 4 4,96,4/4,human-midi,8,8,38998d5dec17,1,1,SOURCE_POOL_HUMAN_PERFORMANCE,Jazz/112_jazz-fusion_96_beat_4-4.mid,
959,Groove MIDI Dataset,Jazz,Jazz,113 jazz fusion 96 beat 4 4,96,4/4,human-midi,8,8,7122a60c2e6f,1,1,SOURCE_POOL_HUMAN_PERFORMANCE,Jazz/113_jazz-fusion_96_beat_4-4.mid,
960,Groove MIDI Dataset,Jazz,Jazz,114 jazz fusion 96 beat 4 4,96,4/4,human-midi,4,4,409f93fcdbbe,1,1,SOURCE_POOL_HUMAN_PERFORMANCE,Jazz/114_jazz-fusion_96_beat_4-4.mid,
961,Groove MIDI Dataset,Jazz,Jazz,115 jazz fusion 96 beat 4 4,96,4/4,human-midi,8,8,34d34f38f1d5,1,1,SOURCE_POOL_HUMAN_PERFORMANCE,Jazz/115_jazz-fusion_96_beat_4-4.mid,
962,Groove MIDI Dataset,Latin,Latin,1 latin chacarera 157 beat 3 4,157,3/4,human-midi,8,8,2b8c455022d7,1,1,SOURCE_POOL_HUMAN_PERFORMANCE,Latin/1_latin-chacarera_157_beat_3-4.mid,
963,Groove MIDI Dataset,Latin,Latin,2 latin brazilian 101 beat 4 4,101,4/4,human-midi,8,8,3d7ee91f2187,1,1,SOURCE_POOL_HUMAN_PERFORMANCE,Latin/2_latin-brazilian_101_beat_4-4.mid,
964,Groove MIDI Dataset,Latin,Latin,2 latin chacarera 118 beat 4 4,118,4/4,human-midi,8,8,ddf2fc1f83eb,1,1,SOURCE_POOL_HUMAN_PERFORMANCE,Latin/2_latin-chacarera_118_beat_4-4.mid,
965,Groove MIDI Dataset,Latin,Latin,3 latin brazilian 101 beat 4 4,101,4/4,human-midi,8,8,65e8a471f79f,1,1,SOURCE_POOL_HUMAN_PERFORMANCE,Latin/3_latin-brazilian_101_beat_4-4.mid,
966,Groove MIDI Dataset,Latin,Latin,3 latin chacarera 118 beat 4 4,118,4/4,human-midi,8,8,5d5e2df1fa0b,1,1,SOURCE_POOL_HUMAN_PERFORMANCE,Latin/3_latin-chacarera_118_beat_4-4.mid,
967,Groove MIDI Dataset,Latin,Latin,4 latin brazilian 92 beat 4 4,92,4/4,human-midi,5,5,071087c5d094,1,1,SOURCE_POOL_HUMAN_PERFORMANCE,Latin/4_latin-brazilian_92_beat_4-4.mid,
968,Groove MIDI Dataset,Latin,Latin,5 latin brazilian 184 beat 4 4,184,4/4,human-midi,8,8,1f187cef1876,1,1,SOURCE_POOL_HUMAN_PERFORMANCE,Latin/5_latin-brazilian_184_beat_4-4.mid,
969,Groove MIDI Dataset,Latin,Latin,7 latin 95 beat 4 4,95,4/4,human-midi,8,8,6c11c8a7fe93,1,1,SOURCE_POOL_HUMAN_PERFORMANCE,Latin/7_latin_95_beat_4-4.mid,
970,Groove MIDI Dataset,Latin,Latin,8 latin 95 beat 4 4,95,4/4,human-midi,8,8,7384971c8f3d,1,1,SOURCE_POOL_HUMAN_PERFORMANCE,Latin/8_latin_95_beat_4-4.mid,
971,Groove MIDI Dataset,Latin,Latin,9 latin merengue 158 beat 4 4,158,4/4,human-midi,6,6,e5d4ca943201,1,1,SOURCE_POOL_HUMAN_PERFORMANCE,Latin/9_latin-merengue_158_beat_4-4.mid,
972,Groove MIDI Dataset,Latin,Latin,12 latin 118 beat 4 4,118,4/4,human-midi,8,8,a0425e89dd88,1,1,SOURCE_POOL_HUMAN_PERFORMANCE,Latin/12_latin_118_beat_4-4.mid,
973,Groove MIDI Dataset,Latin,Latin,12 latin bomba 96 beat 4 4,96,4/4,human-midi,8,8,f8cd96f0ca6e,1,1,SOURCE_POOL_HUMAN_PERFORMANCE,Latin/12_latin-bomba_96_beat_4-4.mid,
974,Groove MIDI Dataset,Latin,Latin,13 latin 118 beat 4 4,118,4/4,human-midi,8,8,8e503c851dad,1,1,SOURCE_POOL_HUMAN_PERFORMANCE,Latin/13_latin_118_beat_4-4.mid,
975,Groove MIDI Dataset,Latin,Latin,16 latin ando 125 beat 3 4,125,3/4,human-midi,8,8,2bf67ac829ea,1,1,SOURCE_POOL_HUMAN_PERFORMANCE,Latin/16_latin-ando_125_beat_3-4.mid,
976,Groove MIDI Dataset,Latin,Latin,24 latin 84 beat 4 4,84,4/4,human-midi,8,8,7f2a8f3f53f2,1,1,SOURCE_POOL_HUMAN_PERFORMANCE,Latin/24_latin_84_beat_4-4.mid,
977,Groove MIDI Dataset,Latin,Latin,25 latin 84 beat 4 4,84,4/4,human-midi,8,8,6c0736c9e26c,1,1,SOURCE_POOL_HUMAN_PERFORMANCE,Latin/25_latin_84_beat_4-4.mid,
978,Groove MIDI Dataset,Latin,Latin,27 latin 122 beat 4 4,122,4/4,human-midi,8,8,380348a45515,1,1,SOURCE_POOL_HUMAN_PERFORMANCE,Latin/27_latin_122_beat_4-4.mid,
979,Groove MIDI Dataset,Latin,Latin,28 latin bounce 106 beat 4 4,106,4/4,human-midi,8,8,19f02db93ca9,1,1,SOURCE_POOL_HUMAN_PERFORMANCE,Latin/28_latin-bounce_106_beat_4-4.mid,
980,Groove MIDI Dataset,Latin,Samba,28 latin samba 116 beat 4 4,116,4/4,human-midi,8,8,0b87528d2601,1,1,SOURCE_POOL_HUMAN_PERFORMANCE,Latin/28_latin-samba_116_beat_4-4.mid,
981,Groove MIDI Dataset,Latin,Latin,29 latin bounce 106 beat 4 4,106,4/4,human-midi,8,8,ee5a354d2cf6,1,1,SOURCE_POOL_HUMAN_PERFORMANCE,Latin/29_latin-bounce_106_beat_4-4.mid,
982,Groove MIDI Dataset,Latin,Latin,36 latin 118 beat 4 4,118,4/4,human-midi,8,8,892e485b69a5,1,1,SOURCE_POOL_HUMAN_PERFORMANCE,Latin/36_latin_118_beat_4-4.mid,
983,Groove MIDI Dataset,Latin,Samba,38 latin samba 116 beat 4 4,116,4/4,human-midi,8,8,9a8abfb345b3,1,1,SOURCE_POOL_HUMAN_PERFORMANCE,Latin/38_latin-samba_116_beat_4-4.mid,
984,Groove MIDI Dataset,Latin,Reggae,79 latin reggaeton 90 beat 4 4,90,4/4,human-midi,8,8,f34a7ed0658d,1,1,SOURCE_POOL_HUMAN_PERFORMANCE,Latin/79_latin-reggaeton_90_beat_4-4.mid,
985,Groove MIDI Dataset,Latin,Latin,146 latin brazilianbaiao 95 beat 4 4,95,4/4,human-midi,8,8,fd10393e2923,1,1,SOURCE_POOL_HUMAN_PERFORMANCE,Latin/146_latin-brazilianbaiao_95_beat_4-4.mid,
986,Groove MIDI Dataset,Middle Eastern,Middle Eastern,19 middleeastern 126 beat 4 4,126,4/4,human-midi,8,8,ab26e6e8d323,1,1,SOURCE_POOL_HUMAN_PERFORMANCE,Middle Eastern/19_middleeastern_126_beat_4-4.mid,
987,Groove MIDI Dataset,New Orleans,New Orleans,6 neworleans secondline 99 beat 4 4,99,4/4,human-midi,8,8,304e3f6f8da8,1,1,SOURCE_POOL_HUMAN_PERFORMANCE,New Orleans/6_neworleans-secondline_99_beat_4-4.mid,
988,Groove MIDI Dataset,New Orleans,New Orleans,7 neworleans secondline 124 beat 4 4,124,4/4,human-midi,8,8,fa45c6588585,1,1,SOURCE_POOL_HUMAN_PERFORMANCE,New Orleans/7_neworleans-secondline_124_beat_4-4.mid,
989,Groove MIDI Dataset,New Orleans,New Orleans,8 neworleans chacha 124 beat 4 4,124,4/4,human-midi,8,8,946ae6c3198a,1,1,SOURCE_POOL_HUMAN_PERFORMANCE,New Orleans/8_neworleans-chacha_124_beat_4-4.mid,
990,Groove MIDI Dataset,New Orleans,New Orleans,9 neworleans shuffle 104 beat 4 4,104,4/4,human-midi,8,8,ac3923e39f8d,1,1,SOURCE_POOL_HUMAN_PERFORMANCE,New Orleans/9_neworleans-shuffle_104_beat_4-4.mid,
991,Groove MIDI Dataset,New Orleans,New Orleans,10 neworleans funk 82 beat 4 4,82,4/4,human-midi,8,8,96ab07cc4c63,1,1,SOURCE_POOL_HUMAN_PERFORMANCE,New Orleans/10_neworleans-funk_82_beat_4-4.mid,
992,Groove MIDI Dataset,New Orleans,New Orleans,10 neworleans funk 102 beat 4 4,102,4/4,human-midi,8,8,8ad461fbe38b,1,1,SOURCE_POOL_HUMAN_PERFORMANCE,New Orleans/10_neworleans-funk_102_beat_4-4.mid,
993,Groove MIDI Dataset,New Orleans,New Orleans,11 neworleans funk 82 beat 4 4,82,4/4,human-midi,8,8,1aab0f8bd08e,1,1,SOURCE_POOL_HUMAN_PERFORMANCE,New Orleans/11_neworleans-funk_82_beat_4-4.mid,
994,Groove MIDI Dataset,New Orleans,New Orleans,20 neworleans funk 90 beat 4 4,90,4/4,human-midi,8,8,1807a60c298f,1,1,SOURCE_POOL_HUMAN_PERFORMANCE,New Orleans/20_neworleans-funk_90_beat_4-4.mid,
995,Groove MIDI Dataset,New Orleans,New Orleans,67 neworleans funk 93 beat 4 4,93,4/4,human-midi,8,8,c66f2ab7e481,1,1,SOURCE_POOL_HUMAN_PERFORMANCE,New Orleans/67_neworleans-funk_93_beat_4-4.mid,
996,Groove MIDI Dataset,New Orleans,New Orleans,82 neworleans funk 84 beat 4 4,84,4/4,human-midi,8,8,dfaec04824f9,1,1,SOURCE_POOL_HUMAN_PERFORMANCE,New Orleans/82_neworleans-funk_84_beat_4-4.mid,
997,Groove MIDI Dataset,New Orleans,New Orleans,88 neworleans funk 84 fill 4 4,84,4/4,human-midi,1,1,fef08423aaca,1,1,SOURCE_POOL_HUMAN_PERFORMANCE,New Orleans/88_neworleans-funk_84_fill_4-4.mid,
998,Groove MIDI Dataset,New Orleans,New Orleans,91 neworleans funk 93 beat 4 4,93,4/4,human-midi,7,7,e96b9508f406,1,1,SOURCE_POOL_HUMAN_PERFORMANCE,New Orleans/91_neworleans-funk_93_beat_4-4.mid,
999,Groove MIDI Dataset,New Orleans,New Orleans,100 neworleans secondline 94 beat 4 4,94,4/4,human-midi,8,8,4aac06100cf6,1,1,SOURCE_POOL_HUMAN_PERFORMANCE,New Orleans/100_neworleans-secondline_94_beat_4-4.mid,
1000,Groove MIDI Dataset,Pop,Pop,11 pop soft 83 beat 4 4,83,4/4,human-midi,8,8,b5aab2fe12d0,1,1,SOURCE_POOL_HUMAN_PERFORMANCE,Pop/11_pop-soft_83_beat_4-4.mid,
1001,Groove MIDI Dataset,Pop,Pop,22 pop soft 83 beat 4 4,83,4/4,human-midi,8,8,6eb02dfc78fa,1,1,SOURCE_POOL_HUMAN_PERFORMANCE,Pop/22_pop-soft_83_beat_4-4.mid,
1002,Groove MIDI Dataset,Pop,Pop,23 pop soft 83 beat 4 4,83,4/4,human-midi,5,5,ef3c393becff,1,1,SOURCE_POOL_HUMAN_PERFORMANCE,Pop/23_pop-soft_83_beat_4-4.mid,
1003,Groove MIDI Dataset,Pop,Pop,96 pop 142 beat 4 4,142,4/4,human-midi,8,8,41260aee047e,1,1,SOURCE_POOL_HUMAN_PERFORMANCE,Pop/96_pop_142_beat_4-4.mid,
1004,Groove MIDI Dataset,Pop,Pop,97 pop 142 beat 4 4,142,4/4,human-midi,8,8,d2702e63461a,1,1,SOURCE_POOL_HUMAN_PERFORMANCE,Pop/97_pop_142_beat_4-4.mid,
1005,Groove MIDI Dataset,Pop,Pop,100 pop 142 beat 4 4,142,4/4,human-midi,8,8,733255634724,1,1,SOURCE_POOL_HUMAN_PERFORMANCE,Pop/100_pop_142_beat_4-4.mid,
1006,Groove MIDI Dataset,Pop,Pop,101 pop 142 beat 4 4,142,4/4,human-midi,8,8,033128ab2bb8,1,1,SOURCE_POOL_HUMAN_PERFORMANCE,Pop/101_pop_142_beat_4-4.mid,
1007,Groove MIDI Dataset,Pop,Pop,102 pop 132 beat 4 4,132,4/4,human-midi,4,4,4186634701e5,1,1,SOURCE_POOL_HUMAN_PERFORMANCE,Pop/102_pop_132_beat_4-4.mid,
1008,Groove MIDI Dataset,Pop,Pop,103 pop 132 beat 4 4,132,4/4,human-midi,8,8,dc726371d2cb,1,1,SOURCE_POOL_HUMAN_PERFORMANCE,Pop/103_pop_132_beat_4-4.mid,
1009,Groove MIDI Dataset,Pop,Pop,104 pop 132 beat 4 4,132,4/4,human-midi,8,8,27f0715e0704,1,1,SOURCE_POOL_HUMAN_PERFORMANCE,Pop/104_pop_132_beat_4-4.mid,
1010,Groove MIDI Dataset,Pop,Pop,105 pop 132 beat 4 4,132,4/4,human-midi,6,6,6601a4eb2eac,1,1,SOURCE_POOL_HUMAN_PERFORMANCE,Pop/105_pop_132_beat_4-4.mid,
1011,Groove MIDI Dataset,Punk,Punk,32 punk 140 beat 4 4,140,4/4,human-midi,8,8,9619530a2384,1,1,SOURCE_POOL_HUMAN_PERFORMANCE,Punk/32_punk_140_beat_4-4.mid,
1012,Groove MIDI Dataset,Punk,Punk,33 punk 128 beat 4 4,128,4/4,human-midi,1,1,6daba64d5945,1,1,SOURCE_POOL_HUMAN_PERFORMANCE,Punk/33_punk_128_beat_4-4.mid,
1013,Groove MIDI Dataset,Punk,Punk,34 punk 128 beat 4 4,128,4/4,human-midi,2,2,fe8c4a36a48f,1,1,SOURCE_POOL_HUMAN_PERFORMANCE,Punk/34_punk_128_beat_4-4.mid,
1014,Groove MIDI Dataset,Punk,Punk,35 punk 128 beat 4 4,128,4/4,human-midi,8,8,25774236a5db,1,1,SOURCE_POOL_HUMAN_PERFORMANCE,Punk/35_punk_128_beat_4-4.mid,
1015,Groove MIDI Dataset,Punk,Punk,36 punk 128 beat 4 4,128,4/4,human-midi,2,2,9e95e7b8074c,1,1,SOURCE_POOL_HUMAN_PERFORMANCE,Punk/36_punk_128_beat_4-4.mid,
1016,Groove MIDI Dataset,Punk,Punk,37 punk 128 beat 4 4,128,4/4,human-midi,1,1,94411d8727d7,1,1,SOURCE_POOL_HUMAN_PERFORMANCE,Punk/37_punk_128_beat_4-4.mid,
1017,Groove MIDI Dataset,Punk,Punk,62 punk 144 beat 4 4,144,4/4,human-midi,8,8,1d098ea04acf,1,1,SOURCE_POOL_HUMAN_PERFORMANCE,Punk/62_punk_144_beat_4-4.mid,
1018,Groove MIDI Dataset,Reggae,Reggae,4 reggae 141 beat 4 4,141,4/4,human-midi,8,8,1e9552c833a2,1,1,SOURCE_POOL_HUMAN_PERFORMANCE,Reggae/4_reggae_141_beat_4-4.mid,
1019,Groove MIDI Dataset,Reggae,Reggae,5 reggae 126 beat 4 4,126,4/4,human-midi,8,8,5ec96c727c32,1,1,SOURCE_POOL_HUMAN_PERFORMANCE,Reggae/5_reggae_126_beat_4-4.mid,
1020,Groove MIDI Dataset,Reggae,Reggae,184 reggae 78 beat 4 4,78,4/4,human-midi,8,8,d8a9a2c2b738,1,1,SOURCE_POOL_HUMAN_PERFORMANCE,Reggae/184_reggae_78_beat_4-4.mid,
1021,Groove MIDI Dataset,Reggae,Reggae,201 reggae slow 64 beat 4 4,64,4/4,human-midi,8,8,3c12945a97d4,1,1,SOURCE_POOL_HUMAN_PERFORMANCE,Reggae/201_reggae-slow_64_beat_4-4.mid,
1022,Groove MIDI Dataset,Rock,Rock,1 rock 60 beat 4 4,60,4/4,human-midi,8,8,22c4545041ed,1,1,SOURCE_POOL_HUMAN_PERFORMANCE,Rock/1_rock_60_beat_4-4.mid,
1023,Groove MIDI Dataset,Rock,Rock,1 rock 70 beat 6 8,70,6/8,human-midi,7,7,226ddfebd110,1,1,SOURCE_POOL_HUMAN_PERFORMANCE,Rock/1_rock_70_beat_6-8.mid,
1024,Groove MIDI Dataset,Rock,Rock,1 rock 86 beat 4 4,86,4/4,human-midi,8,8,40a95b6d1899,1,1,SOURCE_POOL_HUMAN_PERFORMANCE,Rock/1_rock_86_beat_4-4.mid,
1025,Groove MIDI Dataset,Rock,Rock,1 rock 87 beat 4 4,87,4/4,human-midi,8,8,1b95f9118024,1,1,SOURCE_POOL_HUMAN_PERFORMANCE,Rock/1_rock_87_beat_4-4.mid,
1026,Groove MIDI Dataset,Rock,Rock,1 rock 90 beat 4 4,90,4/4,human-midi,8,8,fa6c0f03b386,1,1,SOURCE_POOL_HUMAN_PERFORMANCE,Rock/1_rock_90_beat_4-4.mid,
1027,Groove MIDI Dataset,Rock,Rock,1 rock 95 beat 4 4,95,4/4,human-midi,8,8,17d53c56bdbb,1,1,SOURCE_POOL_HUMAN_PERFORMANCE,Rock/1_rock_95_beat_4-4.mid,
1028,Groove MIDI Dataset,Rock,Rock,1 rock 100 beat 4 4 2,100,4/4,human-midi,8,8,7047f01d7b91,1,1,SOURCE_POOL_HUMAN_PERFORMANCE,Rock/1_rock_100_beat_4-4_2.mid,
1029,Groove MIDI Dataset,Rock,Rock,1 rock 100 beat 4 4,100,4/4,human-midi,6,6,d990059cddc8,1,1,SOURCE_POOL_HUMAN_PERFORMANCE,Rock/1_rock_100_beat_4-4.mid,
1030,Groove MIDI Dataset,Rock,Rock,1 rock 105 beat 4 4,105,4/4,human-midi,8,8,59c35d964a65,1,1,SOURCE_POOL_HUMAN_PERFORMANCE,Rock/1_rock_105_beat_4-4.mid,
1031,Groove MIDI Dataset,Rock,Rock,1 rock 110 beat 4 4,110,4/4,human-midi,8,8,aafdcb9aa210,1,1,SOURCE_POOL_HUMAN_PERFORMANCE,Rock/1_rock_110_beat_4-4.mid,
1032,Groove MIDI Dataset,Rock,Rock,1 rock 120 beat 4 4,120,4/4,human-midi,8,8,4176175f2d3d,1,1,SOURCE_POOL_HUMAN_PERFORMANCE,Rock/1_rock_120_beat_4-4.mid,
1033,Groove MIDI Dataset,Rock,Rock,1 rock 130 beat 4 4,130,4/4,human-midi,8,8,9372ed6fd46e,1,1,SOURCE_POOL_HUMAN_PERFORMANCE,Rock/1_rock_130_beat_4-4.mid,
1034,Groove MIDI Dataset,Rock,Rock,1 rock prog 125 beat 4 4,125,4/4,human-midi,8,8,8cd9ed1d4720,1,1,SOURCE_POOL_HUMAN_PERFORMANCE,Rock/1_rock-prog_125_beat_4-4.mid,
1035,Groove MIDI Dataset,Rock,Shuffle,1 rock shuffle 85 beat 4 4,85,4/4,human-midi,8,8,866871c8a32e,1,1,SOURCE_POOL_HUMAN_PERFORMANCE,Rock/1_rock-shuffle_85_beat_4-4.mid,
1036,Groove MIDI Dataset,Rock,Rock,2 rock 70 beat 6 8,70,6/8,human-midi,8,8,e2abaadb5ca3,1,1,SOURCE_POOL_HUMAN_PERFORMANCE,Rock/2_rock_70_beat_6-8.mid,
1037,Groove MIDI Dataset,Rock,Rock,2 rock 95 beat 4 4,95,4/4,human-midi,8,8,fcc0bfadc61b,1,1,SOURCE_POOL_HUMAN_PERFORMANCE,Rock/2_rock_95_beat_4-4.mid,
1038,Groove MIDI Dataset,Rock,Rock,2 rock 100 beat 4 4 2,100,4/4,human-midi,8,8,f6f51d806016,1,1,SOURCE_POOL_HUMAN_PERFORMANCE,Rock/2_rock_100_beat_4-4_2.mid,
1039,Groove MIDI Dataset,Rock,Rock,2 rock 100 beat 4 4 3,100,4/4,human-midi,8,8,d6147b73b5c4,1,1,SOURCE_POOL_HUMAN_PERFORMANCE,Rock/2_rock_100_beat_4-4_3.mid,
1040,Groove MIDI Dataset,Rock,Rock,2 rock 100 beat 4 4,100,4/4,human-midi,5,5,f73749313e7c,1,1,SOURCE_POOL_HUMAN_PERFORMANCE,Rock/2_rock_100_beat_4-4.mid,
1041,Groove MIDI Dataset,Rock,Rock,2 rock 105 beat 4 4,105,4/4,human-midi,2,2,261beb1e6ee7,1,1,SOURCE_POOL_HUMAN_PERFORMANCE,Rock/2_rock_105_beat_4-4.mid,
1042,Groove MIDI Dataset,Rock,Rock,2 rock 120 beat 4 4,120,4/4,human-midi,3,3,8a05f500a632,1,1,SOURCE_POOL_HUMAN_PERFORMANCE,Rock/2_rock_120_beat_4-4.mid,
1043,Groove MIDI Dataset,Rock,Rock,2 rock 130 beat 4 4,130,4/4,human-midi,5,5,56d75b2d99cf,1,1,SOURCE_POOL_HUMAN_PERFORMANCE,Rock/2_rock_130_beat_4-4.mid,
1044,Groove MIDI Dataset,Rock,Rock,3 rock 80 beat 6 8,80,6/8,human-midi,5,5,f894f74c86c0,1,1,SOURCE_POOL_HUMAN_PERFORMANCE,Rock/3_rock_80_beat_6-8.mid,
1045,Groove MIDI Dataset,Rock,Rock,3 rock 88 beat 4 4,88,4/4,human-midi,8,8,45cd294cea4a,1,1,SOURCE_POOL_HUMAN_PERFORMANCE,Rock/3_rock_88_beat_4-4.mid,
1046,Groove MIDI Dataset,Rock,Rock,3 rock 100 beat 4 4 2,100,4/4,human-midi,8,8,beeda860fbdd,1,1,SOURCE_POOL_HUMAN_PERFORMANCE,Rock/3_rock_100_beat_4-4_2.mid,
1047,Groove MIDI Dataset,Rock,Rock,3 rock 100 beat 4 4 3,100,4/4,human-midi,8,8,149c7ef7575b,1,1,SOURCE_POOL_HUMAN_PERFORMANCE,Rock/3_rock_100_beat_4-4_3.mid,
1048,Groove MIDI Dataset,Rock,Rock,3 rock 100 beat 4 4,100,4/4,human-midi,3,3,32b3c90760b2,1,1,SOURCE_POOL_HUMAN_PERFORMANCE,Rock/3_rock_100_beat_4-4.mid,
1049,Groove MIDI Dataset,Rock,Rock,3 rock 105 beat 4 4,105,4/4,human-midi,7,7,8103b50c85d8,1,1,SOURCE_POOL_HUMAN_PERFORMANCE,Rock/3_rock_105_beat_4-4.mid,
1050,Groove MIDI Dataset,Rock,Rock,3 rock 120 beat 4 4,120,4/4,human-midi,1,1,61d7718cc2af,1,1,SOURCE_POOL_HUMAN_PERFORMANCE,Rock/3_rock_120_beat_4-4.mid,
1051,Groove MIDI Dataset,Rock,Rock,3 rock 130 beat 4 4,130,4/4,human-midi,8,8,a0dc42e5e2b0,1,1,SOURCE_POOL_HUMAN_PERFORMANCE,Rock/3_rock_130_beat_4-4.mid,
1052,Groove MIDI Dataset,Rock,Rock,3 rock rockabilly 200 beat 4 4,200,4/4,human-midi,8,8,d7d057bc6947,1,1,SOURCE_POOL_HUMAN_PERFORMANCE,Rock/3_rock-rockabilly_200_beat_4-4.mid,
1053,Groove MIDI Dataset,Rock,Rock,4 rock 80 beat 6 8,80,6/8,human-midi,8,8,f5c0185f4f66,1,1,SOURCE_POOL_HUMAN_PERFORMANCE,Rock/4_rock_80_beat_6-8.mid,
1054,Groove MIDI Dataset,Rock,Rock,4 rock 100 beat 4 4 2,100,4/4,human-midi,2,2,39fefea4d8ab,1,1,SOURCE_POOL_HUMAN_PERFORMANCE,Rock/4_rock_100_beat_4-4_2.mid,
1055,Groove MIDI Dataset,Rock,Rock,4 rock 100 beat 4 4,100,4/4,human-midi,3,3,c072bab8d861,1,1,SOURCE_POOL_HUMAN_PERFORMANCE,Rock/4_rock_100_beat_4-4.mid,
1056,Groove MIDI Dataset,Rock,Rock,4 rock 105 beat 4 4,105,4/4,human-midi,6,6,89a1ac309129,1,1,SOURCE_POOL_HUMAN_PERFORMANCE,Rock/4_rock_105_beat_4-4.mid,
1057,Groove MIDI Dataset,Rock,Rock,4 rock 120 beat 4 4,120,4/4,human-midi,3,3,0c34d5f396dc,1,1,SOURCE_POOL_HUMAN_PERFORMANCE,Rock/4_rock_120_beat_4-4.mid,
1058,Groove MIDI Dataset,Rock,Rock,4 rock 127 beat 4 4,127,4/4,human-midi,8,8,74684c01e680,1,1,SOURCE_POOL_HUMAN_PERFORMANCE,Rock/4_rock_127_beat_4-4.mid,
1059,Groove MIDI Dataset,Rock,Rock,4 rock 130 beat 4 4,130,4/4,human-midi,4,4,504eb45d14f4,1,1,SOURCE_POOL_HUMAN_PERFORMANCE,Rock/4_rock_130_beat_4-4.mid,
1060,Groove MIDI Dataset,Rock,Rock,5 rock 60 beat 6 8,60,6/8,human-midi,8,8,04819b85f11f,1,1,SOURCE_POOL_HUMAN_PERFORMANCE,Rock/5_rock_60_beat_6-8.mid,
1061,Groove MIDI Dataset,Rock,Rock,5 rock 100 beat 4 4 2,100,4/4,human-midi,8,8,32778ea6a7de,1,1,SOURCE_POOL_HUMAN_PERFORMANCE,Rock/5_rock_100_beat_4-4_2.mid,
1062,Groove MIDI Dataset,Rock,Rock,5 rock 100 beat 4 4,100,4/4,human-midi,8,8,6e169ba187de,1,1,SOURCE_POOL_HUMAN_PERFORMANCE,Rock/5_rock_100_beat_4-4.mid,
1063,Groove MIDI Dataset,Rock,Rock,5 rock 105 beat 4 4,105,4/4,human-midi,5,5,1ea7095686fd,1,1,SOURCE_POOL_HUMAN_PERFORMANCE,Rock/5_rock_105_beat_4-4.mid,
1064,Groove MIDI Dataset,Rock,Rock,5 rock 120 beat 4 4,120,4/4,human-midi,1,1,7bf409580fec,1,1,SOURCE_POOL_HUMAN_PERFORMANCE,Rock/5_rock_120_beat_4-4.mid,
1065,Groove MIDI Dataset,Rock,Rock,5 rock 180 beat 4 4,180,4/4,human-midi,8,8,e9f511dda1a5,1,1,SOURCE_POOL_HUMAN_PERFORMANCE,Rock/5_rock_180_beat_4-4.mid,
1066,Groove MIDI Dataset,Rock,Rock,6 rock 88 beat 4 4,88,4/4,human-midi,8,8,6a8d0275338f,1,1,SOURCE_POOL_HUMAN_PERFORMANCE,Rock/6_rock_88_beat_4-4.mid,
1067,Groove MIDI Dataset,Rock,Rock,6 rock 100 beat 4 4 2,100,4/4,human-midi,1,1,43853dc520cd,1,1,SOURCE_POOL_HUMAN_PERFORMANCE,Rock/6_rock_100_beat_4-4_2.mid,
1068,Groove MIDI Dataset,Rock,Rock,6 rock 100 beat 4 4,100,4/4,human-midi,5,5,58e2f4374d27,1,1,SOURCE_POOL_HUMAN_PERFORMANCE,Rock/6_rock_100_beat_4-4.mid,
1069,Groove MIDI Dataset,Rock,Rock,6 rock 102 beat 3 4,102,3/4,human-midi,8,8,486df60b4ce7,1,1,SOURCE_POOL_HUMAN_PERFORMANCE,Rock/6_rock_102_beat_3-4.mid,
1070,Groove MIDI Dataset,Rock,Rock,6 rock 105 beat 4 4,105,4/4,human-midi,3,3,e9e2747de7cf,1,1,SOURCE_POOL_HUMAN_PERFORMANCE,Rock/6_rock_105_beat_4-4.mid,
1071,Groove MIDI Dataset,Rock,Rock,6 rock 120 beat 4 4,120,4/4,human-midi,8,8,802ff4f9fe0e,1,1,SOURCE_POOL_HUMAN_PERFORMANCE,Rock/6_rock_120_beat_4-4.mid,
1072,Groove MIDI Dataset,Rock,Rock,6 rock 130 beat 4 4,130,4/4,human-midi,3,3,213e6ccad908,1,1,SOURCE_POOL_HUMAN_PERFORMANCE,Rock/6_rock_130_beat_4-4.mid,
1073,Groove MIDI Dataset,Rock,Rock,7 rock 88 beat 4 4,88,4/4,human-midi,8,8,9786a8621612,1,1,SOURCE_POOL_HUMAN_PERFORMANCE,Rock/7_rock_88_beat_4-4.mid,
1074,Groove MIDI Dataset,Rock,Rock,7 rock 93 beat 4 4,93,4/4,human-midi,6,6,478a49dc7792,1,1,SOURCE_POOL_HUMAN_PERFORMANCE,Rock/7_rock_93_beat_4-4.mid,
1075,Groove MIDI Dataset,Rock,Rock,7 rock 100 beat 4 4 2,100,4/4,human-midi,5,5,c834e7c8dcb1,1,1,SOURCE_POOL_HUMAN_PERFORMANCE,Rock/7_rock_100_beat_4-4_2.mid,
1076,Groove MIDI Dataset,Rock,Rock,7 rock 100 beat 4 4,100,4/4,human-midi,4,4,3dfb35bbffc7,1,1,SOURCE_POOL_HUMAN_PERFORMANCE,Rock/7_rock_100_beat_4-4.mid,
1077,Groove MIDI Dataset,Rock,Rock,7 rock 105 beat 4 4,105,4/4,human-midi,8,8,b12bcbb39d37,1,1,SOURCE_POOL_HUMAN_PERFORMANCE,Rock/7_rock_105_beat_4-4.mid,
1078,Groove MIDI Dataset,Rock,Rock,7 rock 120 beat 4 4,120,4/4,human-midi,2,2,d6abb30193bd,1,1,SOURCE_POOL_HUMAN_PERFORMANCE,Rock/7_rock_120_beat_4-4.mid,
1079,Groove MIDI Dataset,Rock,Rock,7 rock 130 beat 4 4,130,4/4,human-midi,8,8,058881c9d67e,2,2,SOURCE_POOL_HUMAN_PERFORMANCE,Rock/7_rock_130_beat_4-4.mid,
1080,Groove MIDI Dataset,Rock,Rock,8 rock 93 beat 4 4,93,4/4,human-midi,8,8,94284469aba2,1,1,SOURCE_POOL_HUMAN_PERFORMANCE,Rock/8_rock_93_beat_4-4.mid,
1081,Groove MIDI Dataset,Rock,Rock,8 rock 95 beat 4 4,95,4/4,human-midi,8,8,3bf8c36faa7d,1,1,SOURCE_POOL_HUMAN_PERFORMANCE,Rock/8_rock_95_beat_4-4.mid,
1082,Groove MIDI Dataset,Rock,Rock,8 rock 100 beat 4 4 2,100,4/4,human-midi,3,3,b56181c06cbd,1,1,SOURCE_POOL_HUMAN_PERFORMANCE,Rock/8_rock_100_beat_4-4_2.mid,
1083,Groove MIDI Dataset,Rock,Rock,8 rock 100 beat 4 4,100,4/4,human-midi,1,1,bece0cc9bcbe,1,1,SOURCE_POOL_HUMAN_PERFORMANCE,Rock/8_rock_100_beat_4-4.mid,
1084,Groove MIDI Dataset,Rock,Rock,8 rock 130 beat 4 4,130,4/4,human-midi,8,8,058881c9d67e,2,2,SOURCE_POOL_HUMAN_PERFORMANCE,Rock/8_rock_130_beat_4-4.mid,
1085,Groove MIDI Dataset,Rock,Rock,8 rock 135 beat 4 4,135,4/4,human-midi,8,8,cba813a374a3,1,1,SOURCE_POOL_HUMAN_PERFORMANCE,Rock/8_rock_135_beat_4-4.mid,
1086,Groove MIDI Dataset,Rock,Rock,9 rock 93 beat 4 4,93,4/4,human-midi,8,8,ca2c2556f24d,1,1,SOURCE_POOL_HUMAN_PERFORMANCE,Rock/9_rock_93_beat_4-4.mid,
1087,Groove MIDI Dataset,Rock,Rock,9 rock 100 beat 4 4 2,100,4/4,human-midi,2,2,7927c1abbf3f,1,1,SOURCE_POOL_HUMAN_PERFORMANCE,Rock/9_rock_100_beat_4-4_2.mid,
1088,Groove MIDI Dataset,Rock,Rock,9 rock 100 beat 4 4,100,4/4,human-midi,2,2,fb7ba1bb800f,1,1,SOURCE_POOL_HUMAN_PERFORMANCE,Rock/9_rock_100_beat_4-4.mid,
1089,Groove MIDI Dataset,Rock,Rock,9 rock 105 beat 4 4,105,4/4,human-midi,8,8,3f42cd3d5510,1,1,SOURCE_POOL_HUMAN_PERFORMANCE,Rock/9_rock_105_beat_4-4.mid,
1090,Groove MIDI Dataset,Rock,Rock,9 rock 130 beat 4 4,130,4/4,human-midi,2,2,825fb3700f14,1,1,SOURCE_POOL_HUMAN_PERFORMANCE,Rock/9_rock_130_beat_4-4.mid,
1091,Groove MIDI Dataset,Rock,Rock,9 rock 135 beat 4 4,135,4/4,human-midi,8,8,7b6985c8bf36,1,1,SOURCE_POOL_HUMAN_PERFORMANCE,Rock/9_rock_135_beat_4-4.mid,
1092,Groove MIDI Dataset,Rock,Rock,10 rock 60 beat 4 4,60,4/4,human-midi,8,8,e517a19583a4,1,1,SOURCE_POOL_HUMAN_PERFORMANCE,Rock/10_rock_60_beat_4-4.mid,
1093,Groove MIDI Dataset,Rock,Rock,10 rock 93 beat 4 4,93,4/4,human-midi,8,8,f79e642b5d58,1,1,SOURCE_POOL_HUMAN_PERFORMANCE,Rock/10_rock_93_beat_4-4.mid,
1094,Groove MIDI Dataset,Rock,Rock,10 rock 100 beat 4 4 2,100,4/4,human-midi,2,2,f6befb552189,1,1,SOURCE_POOL_HUMAN_PERFORMANCE,Rock/10_rock_100_beat_4-4_2.mid,
1095,Groove MIDI Dataset,Rock,Rock,10 rock 100 beat 4 4,100,4/4,human-midi,5,5,a79115473b78,1,1,SOURCE_POOL_HUMAN_PERFORMANCE,Rock/10_rock_100_beat_4-4.mid,
1096,Groove MIDI Dataset,Rock,Rock,10 rock 105 beat 4 4,105,4/4,human-midi,3,3,343283ecc4b7,1,1,SOURCE_POOL_HUMAN_PERFORMANCE,Rock/10_rock_105_beat_4-4.mid,
1097,Groove MIDI Dataset,Rock,Rock,10 rock 130 beat 4 4,130,4/4,human-midi,1,1,5cc4fd06a70f,1,1,SOURCE_POOL_HUMAN_PERFORMANCE,Rock/10_rock_130_beat_4-4.mid,
1098,Groove MIDI Dataset,Rock,Rock,10 rock folk 90 beat 4 4,90,4/4,human-midi,8,8,09c58ff09bf7,1,1,SOURCE_POOL_HUMAN_PERFORMANCE,Rock/10_rock-folk_90_beat_4-4.mid,
1099,Groove MIDI Dataset,Rock,Rock,11 rock 93 beat 4 4,93,4/4,human-midi,8,8,59761ba46156,1,1,SOURCE_POOL_HUMAN_PERFORMANCE,Rock/11_rock_93_beat_4-4.mid,
1100,Groove MIDI Dataset,Rock,Rock,11 rock 100 beat 4 4 2,100,4/4,human-midi,2,2,3b93d1e1d56c,1,1,SOURCE_POOL_HUMAN_PERFORMANCE,Rock/11_rock_100_beat_4-4_2.mid,
1101,Groove MIDI Dataset,Rock,Rock,11 rock 100 beat 4 4,100,4/4,human-midi,2,2,f1d5426750f1,1,1,SOURCE_POOL_HUMAN_PERFORMANCE,Rock/11_rock_100_beat_4-4.mid,
1102,Groove MIDI Dataset,Rock,Rock,11 rock 120 beat 4 4,120,4/4,human-midi,6,6,3d452e9ca70e,1,1,SOURCE_POOL_HUMAN_PERFORMANCE,Rock/11_rock_120_beat_4-4.mid,
1103,Groove MIDI Dataset,Rock,Rock,11 rock 130 beat 4 4,130,4/4,human-midi,1,1,f215af4f431b,1,1,SOURCE_POOL_HUMAN_PERFORMANCE,Rock/11_rock_130_beat_4-4.mid,
1104,Groove MIDI Dataset,Rock,Rock,12 rock 95 beat 4 4,95,4/4,human-midi,1,1,3f7d3e660916,1,1,SOURCE_POOL_HUMAN_PERFORMANCE,Rock/12_rock_95_beat_4-4.mid,
1105,Groove MIDI Dataset,Rock,Rock,12 rock 100 beat 4 4 2,100,4/4,human-midi,3,3,a39adbe5c4ce,1,1,SOURCE_POOL_HUMAN_PERFORMANCE,Rock/12_rock_100_beat_4-4_2.mid,
1106,Groove MIDI Dataset,Rock,Rock,12 rock 100 beat 4 4,100,4/4,human-midi,2,2,28321f23572c,1,1,SOURCE_POOL_HUMAN_PERFORMANCE,Rock/12_rock_100_beat_4-4.mid,
1107,Groove MIDI Dataset,Rock,Rock,12 rock 105 beat 4 4,105,4/4,human-midi,8,8,360783fa7315,1,1,SOURCE_POOL_HUMAN_PERFORMANCE,Rock/12_rock_105_beat_4-4.mid,
1108,Groove MIDI Dataset,Rock,Rock,12 rock 120 beat 4 4,120,4/4,human-midi,8,8,a5b3511f52af,1,1,SOURCE_POOL_HUMAN_PERFORMANCE,Rock/12_rock_120_beat_4-4.mid,
1109,Groove MIDI Dataset,Rock,Rock,12 rock 130 beat 4 4,130,4/4,human-midi,1,1,6f805b94a0bb,1,1,SOURCE_POOL_HUMAN_PERFORMANCE,Rock/12_rock_130_beat_4-4.mid,
1110,Groove MIDI Dataset,Rock,Rock,13 rock 100 beat 4 4,100,4/4,human-midi,4,4,888cf710033d,1,1,SOURCE_POOL_HUMAN_PERFORMANCE,Rock/13_rock_100_beat_4-4.mid,
1111,Groove MIDI Dataset,Rock,Rock,13 rock 115 beat 4 4,115,4/4,human-midi,8,8,0632d5759c21,1,1,SOURCE_POOL_HUMAN_PERFORMANCE,Rock/13_rock_115_beat_4-4.mid,
1112,Groove MIDI Dataset,Rock,Rock,13 rock 120 beat 4 4 2,120,4/4,human-midi,8,8,4a89260db78d,1,1,SOURCE_POOL_HUMAN_PERFORMANCE,Rock/13_rock_120_beat_4-4_2.mid,
1113,Groove MIDI Dataset,Rock,Rock,13 rock 120 beat 4 4,120,4/4,human-midi,8,8,aa02c9ac8098,1,1,SOURCE_POOL_HUMAN_PERFORMANCE,Rock/13_rock_120_beat_4-4.mid,
1114,Groove MIDI Dataset,Rock,Rock,13 rock 130 beat 4 4,130,4/4,human-midi,1,1,3144c9b0122a,1,1,SOURCE_POOL_HUMAN_PERFORMANCE,Rock/13_rock_130_beat_4-4.mid,
1115,Groove MIDI Dataset,Rock,Rock,13 rock 140 beat 4 4,140,4/4,human-midi,8,8,22520d7b961a,1,1,SOURCE_POOL_HUMAN_PERFORMANCE,Rock/13_rock_140_beat_4-4.mid,
1116,Groove MIDI Dataset,Rock,Rock,14 rock 94 beat 4 4,94,4/4,human-midi,8,7,516db58ca571,1,1,SOURCE_POOL_HUMAN_PERFORMANCE,Rock/14_rock_94_beat_4-4.mid,
1117,Groove MIDI Dataset,Rock,Rock,14 rock 95 beat 4 4,95,4/4,human-midi,8,8,76bd17c5fe70,1,1,SOURCE_POOL_HUMAN_PERFORMANCE,Rock/14_rock_95_beat_4-4.mid,
1118,Groove MIDI Dataset,Rock,Rock,14 rock 100 beat 4 4,100,4/4,human-midi,1,1,99e701ca6d47,1,1,SOURCE_POOL_HUMAN_PERFORMANCE,Rock/14_rock_100_beat_4-4.mid,
1119,Groove MIDI Dataset,Rock,Rock,14 rock 120 beat 4 4 2,120,4/4,human-midi,8,8,26eef1a0bf93,1,1,SOURCE_POOL_HUMAN_PERFORMANCE,Rock/14_rock_120_beat_4-4_2.mid,
1120,Groove MIDI Dataset,Rock,Rock,14 rock 120 beat 4 4,120,4/4,human-midi,6,6,ddc0cc87e7dc,1,1,SOURCE_POOL_HUMAN_PERFORMANCE,Rock/14_rock_120_beat_4-4.mid,
1121,Groove MIDI Dataset,Rock,Rock,14 rock 130 beat 4 4,130,4/4,human-midi,1,1,c955ebb310ed,1,1,SOURCE_POOL_HUMAN_PERFORMANCE,Rock/14_rock_130_beat_4-4.mid,
1122,Groove MIDI Dataset,Rock,Rock,14 rock 140 beat 4 4,140,4/4,human-midi,8,8,d2088927fefc,1,1,SOURCE_POOL_HUMAN_PERFORMANCE,Rock/14_rock_140_beat_4-4.mid,
1123,Groove MIDI Dataset,Rock,Rock,15 rock 100 beat 4 4,100,4/4,human-midi,3,3,7db2997529a6,1,1,SOURCE_POOL_HUMAN_PERFORMANCE,Rock/15_rock_100_beat_4-4.mid,
1124,Groove MIDI Dataset,Rock,Rock,15 rock 118 beat 4 4,118,4/4,human-midi,8,8,d5c171e3db75,1,1,SOURCE_POOL_HUMAN_PERFORMANCE,Rock/15_rock_118_beat_4-4.mid,
1125,Groove MIDI Dataset,Rock,Rock,15 rock 120 beat 4 4,120,4/4,human-midi,3,3,2308fe77ce3f,1,1,SOURCE_POOL_HUMAN_PERFORMANCE,Rock/15_rock_120_beat_4-4.mid,
1126,Groove MIDI Dataset,Rock,Rock,15 rock 130 beat 4 4,130,4/4,human-midi,1,1,7e412ee9f9bb,1,1,SOURCE_POOL_HUMAN_PERFORMANCE,Rock/15_rock_130_beat_4-4.mid,
1127,Groove MIDI Dataset,Rock,Rock,16 rock 100 beat 4 4,100,4/4,human-midi,8,8,e0477ef5ec92,1,1,SOURCE_POOL_HUMAN_PERFORMANCE,Rock/16_rock_100_beat_4-4.mid,
1128,Groove MIDI Dataset,Rock,Rock,16 rock 120 beat 4 4,120,4/4,human-midi,2,2,8585b10126bf,1,1,SOURCE_POOL_HUMAN_PERFORMANCE,Rock/16_rock_120_beat_4-4.mid,
1129,Groove MIDI Dataset,Rock,Rock,16 rock 136 beat 4 4,136,4/4,human-midi,8,8,36bbdfece4af,1,1,SOURCE_POOL_HUMAN_PERFORMANCE,Rock/16_rock_136_beat_4-4.mid,
1130,Groove MIDI Dataset,Rock,Rock,17 rock 100 beat 4 4,100,4/4,human-midi,4,4,3a14b5a4a468,1,1,SOURCE_POOL_HUMAN_PERFORMANCE,Rock/17_rock_100_beat_4-4.mid,
1131,Groove MIDI Dataset,Rock,Rock,17 rock 120 beat 4 4,120,4/4,human-midi,2,2,28e47b9cafb4,1,1,SOURCE_POOL_HUMAN_PERFORMANCE,Rock/17_rock_120_beat_4-4.mid,
1132,Groove MIDI Dataset,Rock,Rock,18 rock 100 beat 4 4,100,4/4,human-midi,1,1,771e7e6c17c3,1,1,SOURCE_POOL_HUMAN_PERFORMANCE,Rock/18_rock_100_beat_4-4.mid,
1133,Groove MIDI Dataset,Rock,Rock,18 rock 120 beat 4 4 2,120,4/4,human-midi,6,6,44bac503b17e,1,1,SOURCE_POOL_HUMAN_PERFORMANCE,Rock/18_rock_120_beat_4-4_2.mid,
1134,Groove MIDI Dataset,Rock,Rock,18 rock 120 beat 4 4,120,4/4,human-midi,8,8,bb6119622992,1,1,SOURCE_POOL_HUMAN_PERFORMANCE,Rock/18_rock_120_beat_4-4.mid,
1135,Groove MIDI Dataset,Rock,Rock,18 rock 128 beat 4 4,128,4/4,human-midi,8,8,01d42342e81f,1,1,SOURCE_POOL_HUMAN_PERFORMANCE,Rock/18_rock_128_beat_4-4.mid,
1136,Groove MIDI Dataset,Rock,Rock,19 rock 100 beat 4 4,100,4/4,human-midi,1,1,49274b1f3086,1,1,SOURCE_POOL_HUMAN_PERFORMANCE,Rock/19_rock_100_beat_4-4.mid,
1137,Groove MIDI Dataset,Rock,Rock,19 rock 120 beat 4 4,120,4/4,human-midi,8,8,600f9b28fd75,1,1,SOURCE_POOL_HUMAN_PERFORMANCE,Rock/19_rock_120_beat_4-4.mid,
1138,Groove MIDI Dataset,Rock,Rock,20 rock 92 beat 4 4,92,4/4,human-midi,7,7,d2cb6b657f29,1,1,SOURCE_POOL_HUMAN_PERFORMANCE,Rock/20_rock_92_beat_4-4.mid,
1139,Groove MIDI Dataset,Rock,Rock,20 rock 120 beat 4 4 2,120,4/4,human-midi,8,8,9553777682f7,1,1,SOURCE_POOL_HUMAN_PERFORMANCE,Rock/20_rock_120_beat_4-4_2.mid,
1140,Groove MIDI Dataset,Rock,Rock,20 rock 120 beat 4 4,120,4/4,human-midi,3,3,83b264aa68b3,1,1,SOURCE_POOL_HUMAN_PERFORMANCE,Rock/20_rock_120_beat_4-4.mid,
1141,Groove MIDI Dataset,Rock,Shuffle,20 rock shuffle 112 beat 4 4,112,4/4,human-midi,8,8,88256ac92398,1,1,SOURCE_POOL_HUMAN_PERFORMANCE,Rock/20_rock-shuffle_112_beat_4-4.mid,
1142,Groove MIDI Dataset,Rock,Rock,21 rock 92 beat 4 4,92,4/4,human-midi,2,2,5f701b93670f,1,1,SOURCE_POOL_HUMAN_PERFORMANCE,Rock/21_rock_92_beat_4-4.mid,
1143,Groove MIDI Dataset,Rock,Rock,21 rock 120 beat 4 4,120,4/4,human-midi,2,2,8eaba1dff3a4,1,1,SOURCE_POOL_HUMAN_PERFORMANCE,Rock/21_rock_120_beat_4-4.mid,
1144,Groove MIDI Dataset,Rock,Shuffle,21 rock shuffle 112 beat 4 4,112,4/4,human-midi,8,8,0d7bac1abb8b,1,1,SOURCE_POOL_HUMAN_PERFORMANCE,Rock/21_rock-shuffle_112_beat_4-4.mid,
1145,Groove MIDI Dataset,Rock,Rock,22 rock 92 beat 4 4,92,4/4,human-midi,5,5,c310f665ca45,1,1,SOURCE_POOL_HUMAN_PERFORMANCE,Rock/22_rock_92_beat_4-4.mid,
1146,Groove MIDI Dataset,Rock,Rock,22 rock 96 beat 4 4,96,4/4,human-midi,8,8,44bcfda16c8f,1,1,SOURCE_POOL_HUMAN_PERFORMANCE,Rock/22_rock_96_beat_4-4.mid,
1147,Groove MIDI Dataset,Rock,Rock,22 rock 118 beat 4 4,118,4/4,human-midi,1,1,5baa11e0de0b,1,1,SOURCE_POOL_HUMAN_PERFORMANCE,Rock/22_rock_118_beat_4-4.mid,
1148,Groove MIDI Dataset,Rock,Rock,22 rock 120 beat 4 4,120,4/4,human-midi,8,8,da0fdd0e5885,1,1,SOURCE_POOL_HUMAN_PERFORMANCE,Rock/22_rock_120_beat_4-4.mid,
1149,Groove MIDI Dataset,Rock,Rock,23 rock 92 beat 4 4,92,4/4,human-midi,1,1,76c8956fb97f,1,1,SOURCE_POOL_HUMAN_PERFORMANCE,Rock/23_rock_92_beat_4-4.mid,
1150,Groove MIDI Dataset,Rock,Rock,23 rock 96 beat 4 4,96,4/4,human-midi,8,8,9bc8065e09b2,1,1,SOURCE_POOL_HUMAN_PERFORMANCE,Rock/23_rock_96_beat_4-4.mid,
1151,Groove MIDI Dataset,Rock,Rock,23 rock 120 beat 4 4,120,4/4,human-midi,8,8,569b817266cb,1,1,SOURCE_POOL_HUMAN_PERFORMANCE,Rock/23_rock_120_beat_4-4.mid,
1152,Groove MIDI Dataset,Rock,Rock,24 rock 90 beat 4 4,90,4/4,human-midi,8,8,0408d38ac663,1,1,SOURCE_POOL_HUMAN_PERFORMANCE,Rock/24_rock_90_beat_4-4.mid,
1153,Groove MIDI Dataset,Rock,Rock,24 rock 92 beat 4 4,92,4/4,human-midi,7,7,0060705591b2,1,1,SOURCE_POOL_HUMAN_PERFORMANCE,Rock/24_rock_92_beat_4-4.mid,
1154,Groove MIDI Dataset,Rock,Rock,24 rock 118 beat 4 4,118,4/4,human-midi,5,5,751c79e9bcec,1,1,SOURCE_POOL_HUMAN_PERFORMANCE,Rock/24_rock_118_beat_4-4.mid,
1155,Groove MIDI Dataset,Rock,Rock,24 rock 120 beat 4 4,120,4/4,human-midi,4,4,b98053522a20,1,1,SOURCE_POOL_HUMAN_PERFORMANCE,Rock/24_rock_120_beat_4-4.mid,
1156,Groove MIDI Dataset,Rock,Rock,25 rock 90 beat 4 4,90,4/4,human-midi,7,7,479281cf626d,1,1,SOURCE_POOL_HUMAN_PERFORMANCE,Rock/25_rock_90_beat_4-4.mid,
1157,Groove MIDI Dataset,Rock,Rock,25 rock 120 beat 4 4,120,4/4,human-midi,1,1,2c9237284cc0,1,1,SOURCE_POOL_HUMAN_PERFORMANCE,Rock/25_rock_120_beat_4-4.mid,
1158,Groove MIDI Dataset,Rock,Rock,26 rock 90 beat 4 4,90,4/4,human-midi,7,7,18254c7d174d,1,1,SOURCE_POOL_HUMAN_PERFORMANCE,Rock/26_rock_90_beat_4-4.mid,
1159,Groove MIDI Dataset,Rock,Rock,26 rock 118 beat 4 4,118,4/4,human-midi,8,8,7b547b74808e,1,1,SOURCE_POOL_HUMAN_PERFORMANCE,Rock/26_rock_118_beat_4-4.mid,
1160,Groove MIDI Dataset,Rock,Rock,26 rock 120 beat 4 4,120,4/4,human-midi,1,1,a5af1782a89c,1,1,SOURCE_POOL_HUMAN_PERFORMANCE,Rock/26_rock_120_beat_4-4.mid,
1161,Groove MIDI Dataset,Rock,Rock,27 rock 75 beat 4 4,75,4/4,human-midi,8,8,8a07af55caa0,1,1,SOURCE_POOL_HUMAN_PERFORMANCE,Rock/27_rock_75_beat_4-4.mid,
1162,Groove MIDI Dataset,Rock,Rock,27 rock 90 beat 4 4,90,4/4,human-midi,2,2,963c0483dde3,1,1,SOURCE_POOL_HUMAN_PERFORMANCE,Rock/27_rock_90_beat_4-4.mid,
1163,Groove MIDI Dataset,Rock,Rock,27 rock 120 beat 4 4,120,4/4,human-midi,1,1,5c3c541a9d67,1,1,SOURCE_POOL_HUMAN_PERFORMANCE,Rock/27_rock_120_beat_4-4.mid,
1164,Groove MIDI Dataset,Rock,Rock,28 rock 90 beat 4 4,90,4/4,human-midi,6,6,361d34879449,1,1,SOURCE_POOL_HUMAN_PERFORMANCE,Rock/28_rock_90_beat_4-4.mid,
1165,Groove MIDI Dataset,Rock,Rock,28 rock 92 beat 4 4,92,4/4,human-midi,3,3,0c05c35a9798,1,1,SOURCE_POOL_HUMAN_PERFORMANCE,Rock/28_rock_92_beat_4-4.mid,
1166,Groove MIDI Dataset,Rock,Rock,28 rock 102 beat 4 4,102,4/4,human-midi,8,8,2c2bcf6c4ef7,1,1,SOURCE_POOL_HUMAN_PERFORMANCE,Rock/28_rock_102_beat_4-4.mid,
1167,Groove MIDI Dataset,Rock,Rock,28 rock 120 beat 4 4,120,4/4,human-midi,1,1,20b6d99ac9dd,1,1,SOURCE_POOL_HUMAN_PERFORMANCE,Rock/28_rock_120_beat_4-4.mid,
1168,Groove MIDI Dataset,Rock,Rock,29 rock 75 beat 4 4,75,4/4,human-midi,5,5,7aff6250edba,1,1,SOURCE_POOL_HUMAN_PERFORMANCE,Rock/29_rock_75_beat_4-4.mid,
1169,Groove MIDI Dataset,Rock,Rock,29 rock 90 beat 4 4,90,4/4,human-midi,2,2,0be358ecf55b,1,1,SOURCE_POOL_HUMAN_PERFORMANCE,Rock/29_rock_90_beat_4-4.mid,
1170,Groove MIDI Dataset,Rock,Rock,29 rock 92 beat 4 4,92,4/4,human-midi,3,3,131d49c0de32,1,1,SOURCE_POOL_HUMAN_PERFORMANCE,Rock/29_rock_92_beat_4-4.mid,
1171,Groove MIDI Dataset,Rock,Rock,29 rock 120 beat 4 4,120,4/4,human-midi,1,1,edbec54c3596,1,1,SOURCE_POOL_HUMAN_PERFORMANCE,Rock/29_rock_120_beat_4-4.mid,
1172,Groove MIDI Dataset,Rock,Rock,30 rock 75 beat 4 4,75,4/4,human-midi,2,2,35ac5906a61d,1,1,SOURCE_POOL_HUMAN_PERFORMANCE,Rock/30_rock_75_beat_4-4.mid,
1173,Groove MIDI Dataset,Rock,Rock,30 rock 90 beat 4 4,90,4/4,human-midi,4,4,5704c272099d,1,1,SOURCE_POOL_HUMAN_PERFORMANCE,Rock/30_rock_90_beat_4-4.mid,
1174,Groove MIDI Dataset,Rock,Rock,30 rock 92 beat 4 4,92,4/4,human-midi,2,2,189513629244,1,1,SOURCE_POOL_HUMAN_PERFORMANCE,Rock/30_rock_92_beat_4-4.mid,
1175,Groove MIDI Dataset,Rock,Rock,30 rock 120 beat 4 4,120,4/4,human-midi,1,1,7f40b8f98928,1,1,SOURCE_POOL_HUMAN_PERFORMANCE,Rock/30_rock_120_beat_4-4.mid,
1176,Groove MIDI Dataset,Rock,Rock,32 rock 117 beat 4 4,117,4/4,human-midi,8,8,f26d1da80b8d,1,1,SOURCE_POOL_HUMAN_PERFORMANCE,Rock/32_rock_117_beat_4-4.mid,
1177,Groove MIDI Dataset,Rock,Rock,33 rock 75 beat 4 4,75,4/4,human-midi,5,5,c5933df2706f,1,1,SOURCE_POOL_HUMAN_PERFORMANCE,Rock/33_rock_75_beat_4-4.mid,
1178,Groove MIDI Dataset,Rock,Rock,33 rock 117 beat 4 4,117,4/4,human-midi,8,8,67bb5ec0a907,1,1,SOURCE_POOL_HUMAN_PERFORMANCE,Rock/33_rock_117_beat_4-4.mid,
1179,Groove MIDI Dataset,Rock,Rock,34 rock 92 beat 4 4,92,4/4,human-midi,2,2,5212573b5cc5,1,1,SOURCE_POOL_HUMAN_PERFORMANCE,Rock/34_rock_92_beat_4-4.mid,
1180,Groove MIDI Dataset,Rock,Rock,34 rock 120 beat 4 4,120,4/4,human-midi,1,1,35dc2e3bbabd,1,1,SOURCE_POOL_HUMAN_PERFORMANCE,Rock/34_rock_120_beat_4-4.mid,
1181,Groove MIDI Dataset,Rock,Rock,35 rock 92 beat 4 4,92,4/4,human-midi,2,2,7990d689a06f,1,1,SOURCE_POOL_HUMAN_PERFORMANCE,Rock/35_rock_92_beat_4-4.mid,
1182,Groove MIDI Dataset,Rock,Rock,35 rock 120 beat 4 4,120,4/4,human-midi,8,8,cb1022652c54,1,1,SOURCE_POOL_HUMAN_PERFORMANCE,Rock/35_rock_120_beat_4-4.mid,
1183,Groove MIDI Dataset,Rock,Rock,36 rock 92 beat 4 4,92,4/4,human-midi,1,1,39d1032326ae,1,1,SOURCE_POOL_HUMAN_PERFORMANCE,Rock/36_rock_92_beat_4-4.mid,
1184,Groove MIDI Dataset,Rock,Rock,36 rock 120 beat 4 4,120,4/4,human-midi,1,1,fe888f0efbc1,1,1,SOURCE_POOL_HUMAN_PERFORMANCE,Rock/36_rock_120_beat_4-4.mid,
1185,Groove MIDI Dataset,Rock,Rock,37 rock 92 beat 4 4,92,4/4,human-midi,6,6,1a60ed10a15b,1,1,SOURCE_POOL_HUMAN_PERFORMANCE,Rock/37_rock_92_beat_4-4.mid,
1186,Groove MIDI Dataset,Rock,Rock,37 rock 112 beat 4 4 2,112,4/4,human-midi,8,8,62fa3b76d3c3,1,1,SOURCE_POOL_HUMAN_PERFORMANCE,Rock/37_rock_112_beat_4-4_2.mid,
1187,Groove MIDI Dataset,Rock,Rock,37 rock 112 beat 4 4,112,4/4,human-midi,8,8,4f867e542f0e,1,1,SOURCE_POOL_HUMAN_PERFORMANCE,Rock/37_rock_112_beat_4-4.mid,
1188,Groove MIDI Dataset,Rock,Rock,37 rock 120 beat 4 4,120,4/4,human-midi,1,1,9f18ccefd3c0,1,1,SOURCE_POOL_HUMAN_PERFORMANCE,Rock/37_rock_120_beat_4-4.mid,
1189,Groove MIDI Dataset,Rock,Rock,38 rock 92 beat 4 4,92,4/4,human-midi,2,2,3906ccbc8e15,1,1,SOURCE_POOL_HUMAN_PERFORMANCE,Rock/38_rock_92_beat_4-4.mid,
1190,Groove MIDI Dataset,Rock,Rock,38 rock 112 beat 4 4,112,4/4,human-midi,8,8,434569b3d8e4,1,1,SOURCE_POOL_HUMAN_PERFORMANCE,Rock/38_rock_112_beat_4-4.mid,
1191,Groove MIDI Dataset,Rock,Rock,38 rock 120 beat 4 4,120,4/4,human-midi,1,1,87b7f0e7c7a0,1,1,SOURCE_POOL_HUMAN_PERFORMANCE,Rock/38_rock_120_beat_4-4.mid,
1192,Groove MIDI Dataset,Rock,Rock,39 rock indie 63 beat 4 4,63,4/4,human-midi,8,8,5b729e660da3,1,1,SOURCE_POOL_HUMAN_PERFORMANCE,Rock/39_rock-indie_63_beat_4-4.mid,
1193,Groove MIDI Dataset,Rock,Rock,39 rock indie 104 beat 4 4,104,4/4,human-midi,8,8,c56485a5a114,1,1,SOURCE_POOL_HUMAN_PERFORMANCE,Rock/39_rock-indie_104_beat_4-4.mid,
1194,Groove MIDI Dataset,Rock,Rock,40 rock 120 beat 4 4,120,4/4,human-midi,1,1,73210cd337f9,1,1,SOURCE_POOL_HUMAN_PERFORMANCE,Rock/40_rock_120_beat_4-4.mid,
1195,Groove MIDI Dataset,Rock,Rock,40 rock indie 104 beat 4 4,104,4/4,human-midi,8,8,bbd900e21442,1,1,SOURCE_POOL_HUMAN_PERFORMANCE,Rock/40_rock-indie_104_beat_4-4.mid,
1196,Groove MIDI Dataset,Rock,Rock,41 rock 120 beat 4 4,120,4/4,human-midi,1,1,635f22b2e1b0,1,1,SOURCE_POOL_HUMAN_PERFORMANCE,Rock/41_rock_120_beat_4-4.mid,
1197,Groove MIDI Dataset,Rock,Rock,42 rock 110 beat 4 4,110,4/4,human-midi,5,5,1e47569100ef,1,1,SOURCE_POOL_HUMAN_PERFORMANCE,Rock/42_rock_110_beat_4-4.mid,
1198,Groove MIDI Dataset,Rock,Rock,42 rock 120 beat 4 4,120,4/4,human-midi,1,1,f4b89326f144,1,1,SOURCE_POOL_HUMAN_PERFORMANCE,Rock/42_rock_120_beat_4-4.mid,
1199,Groove MIDI Dataset,Rock,Rock,43 rock 110 beat 4 4,110,4/4,human-midi,8,8,7fb4a4a79b6d,1,1,SOURCE_POOL_HUMAN_PERFORMANCE,Rock/43_rock_110_beat_4-4.mid,
1200,Groove MIDI Dataset,Rock,Rock,43 rock 120 beat 4 4,120,4/4,human-midi,1,1,189399e4a5c9,1,1,SOURCE_POOL_HUMAN_PERFORMANCE,Rock/43_rock_120_beat_4-4.mid,
1201,Groove MIDI Dataset,Rock,Rock,44 rock 120 beat 4 4,120,4/4,human-midi,1,1,4fa3ffce5c0c,1,1,SOURCE_POOL_HUMAN_PERFORMANCE,Rock/44_rock_120_beat_4-4.mid,
1202,Groove MIDI Dataset,Rock,Rock,45 rock 120 beat 4 4,120,4/4,human-midi,1,1,24624b8ebde2,1,1,SOURCE_POOL_HUMAN_PERFORMANCE,Rock/45_rock_120_beat_4-4.mid,
1203,Groove MIDI Dataset,Rock,Rock,45 rock 135 beat 4 4,135,4/4,human-midi,8,8,82dad394e23c,1,1,SOURCE_POOL_HUMAN_PERFORMANCE,Rock/45_rock_135_beat_4-4.mid,
1204,Groove MIDI Dataset,Rock,Rock,46 rock 120 beat 4 4,120,4/4,human-midi,1,1,f74ae3ef8a75,1,1,SOURCE_POOL_HUMAN_PERFORMANCE,Rock/46_rock_120_beat_4-4.mid,
1205,Groove MIDI Dataset,Rock,Rock,46 rock 135 beat 4 4,135,4/4,human-midi,8,8,0b49cf4a8865,1,1,SOURCE_POOL_HUMAN_PERFORMANCE,Rock/46_rock_135_beat_4-4.mid,
1206,Groove MIDI Dataset,Rock,Rock,46 rock indie 63 beat 4 4,63,4/4,human-midi,8,8,f524bf2a481a,1,1,SOURCE_POOL_HUMAN_PERFORMANCE,Rock/46_rock-indie_63_beat_4-4.mid,
1207,Groove MIDI Dataset,Rock,Rock,47 rock 110 beat 4 4,110,4/4,human-midi,2,2,8e09896bcfea,1,1,SOURCE_POOL_HUMAN_PERFORMANCE,Rock/47_rock_110_beat_4-4.mid,
1208,Groove MIDI Dataset,Rock,Rock,47 rock 120 beat 4 4,120,4/4,human-midi,1,1,cd7350898e34,1,1,SOURCE_POOL_HUMAN_PERFORMANCE,Rock/47_rock_120_beat_4-4.mid,
1209,Groove MIDI Dataset,Rock,Rock,48 rock 110 beat 4 4,110,4/4,human-midi,2,2,c4429690909c,1,1,SOURCE_POOL_HUMAN_PERFORMANCE,Rock/48_rock_110_beat_4-4.mid,
1210,Groove MIDI Dataset,Rock,Rock,48 rock 120 beat 4 4,120,4/4,human-midi,1,1,14f094cf923e,1,1,SOURCE_POOL_HUMAN_PERFORMANCE,Rock/48_rock_120_beat_4-4.mid,
1211,Groove MIDI Dataset,Rock,Rock,49 rock 120 beat 4 4,120,4/4,human-midi,1,1,7d1cc9b73244,1,1,SOURCE_POOL_HUMAN_PERFORMANCE,Rock/49_rock_120_beat_4-4.mid,
1212,Groove MIDI Dataset,Rock,Rock,49 rock 135 beat 4 4,135,4/4,human-midi,5,5,f2b7f5b46c6b,1,1,SOURCE_POOL_HUMAN_PERFORMANCE,Rock/49_rock_135_beat_4-4.mid,
1213,Groove MIDI Dataset,Rock,Rock,50 rock 120 beat 4 4,120,4/4,human-midi,1,1,e76806042e86,1,1,SOURCE_POOL_HUMAN_PERFORMANCE,Rock/50_rock_120_beat_4-4.mid,
1214,Groove MIDI Dataset,Rock,Shuffle,51 rock shuffle 125 beat 4 4,125,4/4,human-midi,8,8,bdac169ee669,1,1,SOURCE_POOL_HUMAN_PERFORMANCE,Rock/51_rock-shuffle_125_beat_4-4.mid,
1215,Groove MIDI Dataset,Rock,Rock,53 rock 135 beat 4 4,135,4/4,human-midi,8,8,51853b2df0b9,1,1,SOURCE_POOL_HUMAN_PERFORMANCE,Rock/53_rock_135_beat_4-4.mid,
1216,Groove MIDI Dataset,Rock,Rock,64 rock 145 beat 4 4,145,4/4,human-midi,8,8,d609eef766fd,1,1,SOURCE_POOL_HUMAN_PERFORMANCE,Rock/64_rock_145_beat_4-4.mid,
1217,Groove MIDI Dataset,Rock,Rock,108 rock 95 beat 4 4,95,4/4,human-midi,8,8,689ac5991e5b,1,1,SOURCE_POOL_HUMAN_PERFORMANCE,Rock/108_rock_95_beat_4-4.mid,
1218,Groove MIDI Dataset,Rock,Rock,109 rock 95 beat 4 4,95,4/4,human-midi,8,8,c85603193591,1,1,SOURCE_POOL_HUMAN_PERFORMANCE,Rock/109_rock_95_beat_4-4.mid,
1219,Groove MIDI Dataset,Rock,Rock,110 rock prog 190 beat 4 4,190,4/4,human-midi,8,8,4b420ac8ab2c,1,1,SOURCE_POOL_HUMAN_PERFORMANCE,Rock/110_rock-prog_190_beat_4-4.mid,
1220,Groove MIDI Dataset,Rock,Rock,117 rock 95 beat 4 4,95,4/4,human-midi,5,5,8c36797ff468,1,1,SOURCE_POOL_HUMAN_PERFORMANCE,Rock/117_rock_95_beat_4-4.mid,
1221,Groove MIDI Dataset,Rock,Rock,119 rock 95 beat 4 4,95,4/4,human-midi,4,4,c8fb43edcfac,1,1,SOURCE_POOL_HUMAN_PERFORMANCE,Rock/119_rock_95_beat_4-4.mid,
1222,Groove MIDI Dataset,Rock,Rock,120 rock 93 beat 4 4,93,4/4,human-midi,8,8,cd1f9b5ecd6f,1,1,SOURCE_POOL_HUMAN_PERFORMANCE,Rock/120_rock_93_beat_4-4.mid,
1223,Groove MIDI Dataset,Rock,Rock,129 rock 93 beat 4 4,93,4/4,human-midi,8,8,b66014424185,1,1,SOURCE_POOL_HUMAN_PERFORMANCE,Rock/129_rock_93_beat_4-4.mid,
1224,Groove MIDI Dataset,Rock,Rock,180 rock 50 beat 4 4,50,4/4,human-midi,8,8,4b5e5a784724,1,1,SOURCE_POOL_HUMAN_PERFORMANCE,Rock/180_rock_50_beat_4-4.mid,
1225,Groove MIDI Dataset,Rock,Rock,181 rock 115 beat 4 4,115,4/4,human-midi,8,8,9f3ae9f891d5,1,1,SOURCE_POOL_HUMAN_PERFORMANCE,Rock/181_rock_115_beat_4-4.mid,
1226,Groove MIDI Dataset,Rock,Rock,202 rock halftime 140 beat 4 4,140,4/4,human-midi,8,8,e1b0bb643a45,1,1,SOURCE_POOL_HUMAN_PERFORMANCE,Rock/202_rock-halftime_140_beat_4-4.mid,
1227,Groove MIDI Dataset,Soul,Soul,11 soul 96 beat 4 4,96,4/4,human-midi,8,8,9fb3b8954dd5,1,1,SOURCE_POOL_HUMAN_PERFORMANCE,Soul/11_soul_96_beat_4-4.mid,
1228,Groove MIDI Dataset,Soul,Motown,54 soul motown 148 beat 4 4,148,4/4,human-midi,8,8,c034699bc438,1,1,SOURCE_POOL_HUMAN_PERFORMANCE,Soul/54_soul-motown_148_beat_4-4.mid,
1229,Groove MIDI Dataset,Soul,Motown,55 soul motown 148 fill 4 4,148,4/4,human-midi,1,1,d7051f16fd3d,1,1,SOURCE_POOL_HUMAN_PERFORMANCE,Soul/55_soul-motown_148_fill_4-4.mid,
1230,Groove MIDI Dataset,Soul,Motown,63 soul motown 148 beat 4 4,148,4/4,human-midi,8,8,bdf08944137b,1,1,SOURCE_POOL_HUMAN_PERFORMANCE,Soul/63_soul-motown_148_beat_4-4.mid,
1231,Groove MIDI Dataset,Soul,Motown,106 soul motown 104 beat 4 4,104,4/4,human-midi,8,8,4fec4da5ac42,1,1,SOURCE_POOL_HUMAN_PERFORMANCE,Soul/106_soul-motown_104_beat_4-4.mid,
1232,Groove MIDI Dataset,Soul,Motown,108 soul motown 104 beat 4 4,104,4/4,human-midi,8,8,edea270335a1,1,1,SOURCE_POOL_HUMAN_PERFORMANCE,Soul/108_soul-motown_104_beat_4-4.mid,
1233,Groove MIDI Dataset,Soul,Soul,130 soul 105 beat 4 4,105,4/4,human-midi,6,6,2ed650a3eea3,1,1,SOURCE_POOL_HUMAN_PERFORMANCE,Soul/130_soul_105_beat_4-4.mid,
1234,Groove MIDI Dataset,Soul,Soul,131 soul 105 beat 4 4,105,4/4,human-midi,7,7,ab273717821b,1,1,SOURCE_POOL_HUMAN_PERFORMANCE,Soul/131_soul_105_beat_4-4.mid,
1235,Groove MIDI Dataset,Soul,Soul,132 soul 105 beat 4 4,105,4/4,human-midi,8,8,d5cb3cca93cc,1,1,SOURCE_POOL_HUMAN_PERFORMANCE,Soul/132_soul_105_beat_4-4.mid,
1236,Groove MIDI Dataset,Soul,Soul,133 soul 105 beat 4 4,105,4/4,human-midi,8,8,a026a3f0900c,1,1,SOURCE_POOL_HUMAN_PERFORMANCE,Soul/133_soul_105_beat_4-4.mid,
1237,Groove MIDI Dataset,Soul,Soul,150 soul 105 beat 4 4,105,4/4,human-midi,8,8,ea3131155c26,1,1,SOURCE_POOL_HUMAN_PERFORMANCE,Soul/150_soul_105_beat_4-4.mid,
1238,Groove MIDI Dataset,Soul,Soul,151 soul 98 beat 4 4,98,4/4,human-midi,8,8,0fdb81426a5b,1,1,SOURCE_POOL_HUMAN_PERFORMANCE,Soul/151_soul_98_beat_4-4.mid,
1239,Groove MIDI Dataset,Soul,Soul,159 soul 98 beat 4 4,98,4/4,human-midi,6,6,8b74324f9216,1,1,SOURCE_POOL_HUMAN_PERFORMANCE,Soul/159_soul_98_beat_4-4.mid,
